cik,nombre,clase,motivo
0000849213,PLUM CREEK TIMBER CO INC,capital,REIT de bosques (timber); se fusionó con Weyerhaeuser en 2016
0000909111,COLONIAL PROPERTIES TRUST,capital,REIT de departamentos; se fusionó con MAA en 2013
0001302343,"Education Realty Trust, Inc.",capital,REIT de vivienda estudiantil; comprado en 2018
0001338749,POTLATCHDELTIC CORP,capital,REIT de bosques (timber)
0001341141,"CatchMark Timber Trust, Inc.",capital,REIT de bosques (timber); se fusionó con PotlatchDeltic en 2022
0001347652,"CorEnergy Infrastructure Trust, Inc.",capital,REIT de infraestructura energética (ductos arrendados)
0001442626,"Bluerock Residential Growth REIT, Inc.",capital,REIT de departamentos; comprado en 2022
0001506401,"InfraREIT, Inc.",capital,REIT de transmisión eléctrica (activos arrendados)
0001528558,"Rouse Properties, LLC",capital,REIT de centros comerciales (2012-2016)
0001688852,Safehold Inc. /MD,capital,REIT de terrenos con arrendamiento de largo plazo (ground leases)
0001882850,"Apollo Realty Income Solutions, Inc.",capital,REIT de capital no listado
0002003881,"Stirling Hotels & Resorts, Inc.",capital,REIT de hoteles no listado
0001011109,ACRE REALTY INVESTORS INC,capital,REIT de inmuebles pequeño (antes Roberts Realty)
0001121783,AMERICAN SPECTRUM REALTY INC,capital,REIT de oficinas pequeño
0000311817,HMG COURTLAND PROPERTIES INC,capital,REIT de inmuebles pequeño
0000078838,PITTSBURGH & WEST VIRGINIA RAILROAD,capital,REIT que arrienda una vía férrea (hoy Power REIT)
0001467076,"Colony Capital, Inc.",otro,Híbrido con préstamos (antes Colony Financial)
0001045425,RAIT Financial Trust,hipotecario,Hipotecario comercial
0001953366,Star Holdings,otro,"Escisión de iStar, no es REIT"
0002026738,FORTRESS CREDIT REALTY INCOME TRUST,hipotecario,Crédito inmobiliario
0002027537,Goldman Sachs Real Estate Finance Trust Inc,hipotecario,Crédito inmobiliario
0001976927,"Invesco Commercial Real Estate Finance Trust, Inc.",hipotecario,Crédito inmobiliario
0000934543,AMERICAN CHURCH MORTGAGE CO,hipotecario,Préstamos hipotecarios a iglesias
0001327603,"Vestin Realty Mortgage II, Inc",hipotecario,Préstamos hipotecarios
0001556364,"Owens Realty Mortgage, Inc.",hipotecario,Préstamos hipotecarios
0001577134,"Terra Income Fund 6, LLC",hipotecario,Préstamos hipotecarios
0001766478,"Angel Oak Mortgage REIT, Inc.",hipotecario,Hipotecas residenciales
0001822523,Advanced Flower Capital Inc.,hipotecario,Préstamos a operadores de cannabis
0001021422,"EASTERN LIGHT CAPITAL, INC.",hipotecario,Préstamos hipotecarios
0001086670,BELLAVISTA CAPITAL INC,otro,Emisor pequeño sin operación inmobiliaria clara
0001043325,CENTERLINE HOLDING CO,otro,Financiera inmobiliaria
0001555074,Altisource Asset Management Corp,otro,Administradora de activos
0000083402,"RESOURCE AMERICA, INC.",otro,"No es REIT (operador, administrador de fondos, C-corp o sociedad)"
0000797465,"HG Holdings, Inc.",otro,"No es REIT (operador, administrador de fondos, C-corp o sociedad)"
0000883237,"VIRTUS INVESTMENT PARTNERS, INC.",otro,"No es REIT (operador, administrador de fondos, C-corp o sociedad)"
0000885508,STRATUS PROPERTIES INC,otro,"No es REIT (operador, administrador de fondos, C-corp o sociedad)"
0000904978,SUN HEALTHCARE GROUP INC,otro,"No es REIT (operador, administrador de fondos, C-corp o sociedad)"
0001024126,"PERNIX THERAPEUTICS HOLDINGS, INC.",otro,"No es REIT (operador, administrador de fondos, C-corp o sociedad)"
0001040719,DITECH HOLDING Corp,otro,"No es REIT (operador, administrador de fondos, C-corp o sociedad)"
0001084475,"Video River Networks, Inc.",otro,"No es REIT (operador, administrador de fondos, C-corp o sociedad)"
0001174891,"TerraVolt Holdings, Inc.",otro,"No es REIT (operador, administrador de fondos, C-corp o sociedad)"
0001176948,Ares Management Corp,otro,"No es REIT (operador, administrador de fondos, C-corp o sociedad)"
0001284812,"COHEN & STEERS, INC.",otro,"No es REIT (operador, administrador de fondos, C-corp o sociedad)"
0001939433,"Cohen & Steers Income Opportunities REIT, Inc.",otro,"No es REIT (operador, administrador de fondos, C-corp o sociedad)"
0001313918,CIFC Corp.,otro,"No es REIT (operador, administrador de fondos, C-corp o sociedad)"
0001380393,Fortress Investment Group LLC,otro,"No es REIT (operador, administrador de fondos, C-corp o sociedad)"
0001393726,TIPTREE INC.,otro,"No es REIT (operador, administrador de fondos, C-corp o sociedad)"
0001411494,"Apollo Asset Management, Inc.",otro,"No es REIT (operador, administrador de fondos, C-corp o sociedad)"
0001433821,"Corix Bioscience, Inc.",otro,"No es REIT (operador, administrador de fondos, C-corp o sociedad)"
0001503658,"Winning Catering Group, Inc.",otro,"No es REIT (operador, administrador de fondos, C-corp o sociedad)"
0001520566,Nationstar Mortgage Holdings Inc.,otro,"No es REIT (operador, administrador de fondos, C-corp o sociedad)"
0001527166,Carlyle Group Inc.,otro,"No es REIT (operador, administrador de fondos, C-corp o sociedad)"
0001589061,"Gyrodyne, LLC",otro,"No es REIT (operador, administrador de fondos, C-corp o sociedad)"
0001630940,Atlantic Alliance Partnership Corp.,otro,"No es REIT (operador, administrador de fondos, C-corp o sociedad)"
0001823945,BLUE OWL CAPITAL INC.,otro,"No es REIT (operador, administrador de fondos, C-corp o sociedad)"
0001944366,Blue Owl Real Estate Net Lease Trust,otro,"No es REIT (operador, administrador de fondos, C-corp o sociedad)"
0002069692,Blue Owl Digital Infrastructure Trust,otro,"No es REIT (operador, administrador de fondos, C-corp o sociedad)"
0001880661,TPG Inc.,otro,"No es REIT (operador, administrador de fondos, C-corp o sociedad)"
0002047497,Rithm Acquisition Corp.,otro,"No es REIT (operador, administrador de fondos, C-corp o sociedad)"
0001159281,AlerisLife Inc.,otro,"No es REIT (operador, administrador de fondos, C-corp o sociedad)"
0001102238,AMERICAN REALTY INVESTORS INC,otro,"No es REIT (operador, administrador de fondos, C-corp o sociedad)"
0001332349,Brookdale Senior Living Inc.,otro,"No es REIT (operador, administrador de fondos, C-corp o sociedad)"
0000858339,"CAESARS HOLDINGS, INC.",otro,"No es REIT (operador, administrador de fondos, C-corp o sociedad)"
0001590895,"Caesars Entertainment, Inc.",otro,"No es REIT (operador, administrador de fondos, C-corp o sociedad)"
0000716133,CINCINNATI BELL INC,otro,"No es REIT (operador, administrador de fondos, C-corp o sociedad)"
0000919956,"Diversicare Healthcare Services, Inc.",otro,"No es REIT (operador, administrador de fondos, C-corp o sociedad)"
0001001604,EMERITUS CORP\WA\,otro,"No es REIT (operador, administrador de fondos, C-corp o sociedad)"
0001125376,"ENSIGN GROUP, INC",otro,"No es REIT (operador, administrador de fondos, C-corp o sociedad)"
0001023291,Energy Future Holdings Corp /TX/,otro,"No es REIT (operador, administrador de fondos, C-corp o sociedad)"
0001581164,"Extended Stay America, Inc.",otro,"No es REIT (operador, administrador de fondos, C-corp o sociedad)"
0000038067,FOREST CITY ENTERPRISES INC,otro,"No es REIT (operador, administrador de fondos, C-corp o sociedad)"
0001351051,"Genesis Healthcare, Inc.",otro,"No es REIT (operador, administrador de fondos, C-corp o sociedad)"
0001294538,"Great Wolf Resorts, Inc.",otro,"No es REIT (operador, administrador de fondos, C-corp o sociedad)"
0001498828,Howard Hughes Corp,otro,"No es REIT (operador, administrador de fondos, C-corp o sociedad)"
0001981792,Howard Hughes Holdings Inc.,otro,"No es REIT (operador, administrador de fondos, C-corp o sociedad)"
0001408100,"Kennedy-Wilson Holdings, Inc.",otro,"No es REIT (operador, administrador de fondos, C-corp o sociedad)"
0001594617,La Quinta Holdings Inc.,otro,"No es REIT (operador, administrador de fondos, C-corp o sociedad)"
0000789570,MGM Resorts International,otro,"No es REIT (operador, administrador de fondos, C-corp o sociedad)"
0000921738,"PENN Entertainment, Inc.",otro,"No es REIT (operador, administrador de fondos, C-corp o sociedad)"
0000316206,"STARWOOD HOTELS & RESORTS WORLDWIDE, LLC",otro,"No es REIT (operador, administrador de fondos, C-corp o sociedad)"
0000352915,UNIVERSAL HEALTH SERVICES INC,otro,"No es REIT (operador, administrador de fondos, C-corp o sociedad)"
0001575311,Brookfield DTLA Fund Office Trust Investor Inc.,otro,"No es REIT (operador, administrador de fondos, C-corp o sociedad)"
0001615346,Landmark Infrastructure Partners LP,otro,"No es REIT (operador, administrador de fondos, C-corp o sociedad)"
0001278384,NTS REALTY HOLDINGS LP,otro,"No es REIT (operador, administrador de fondos, C-corp o sociedad)"
0001270436,Cohen & Co Inc.,otro,"No es REIT (operador, administrador de fondos, C-corp o sociedad)"
0001745916,"PennyMac Financial Services, Inc.",otro,"No es REIT (operador, administrador de fondos, C-corp o sociedad)"
0000356213,"Gold Merger Sub, LLC",otro,"No es REIT (operador, administrador de fondos, C-corp o sociedad)"
