cik,nombre,sic,tickers,identificador,sellado,clase,clase_final,con_precio,primer_10k,ultimo_10k,quiebra_8k,cambio_de_control_8k,baja_registro,peso_inmuebles,peso_prestamos,peso_repos,peso_intereses
0000003499,ALEXANDERS INC,6798,ALX,ALX,False,capital,capital,True,1995-03-31,2026-02-09,,,,0.5021473355045756,0.026128180922389974,,
0000014846,BRT Apartments Corp.,6798,BRT,BRT,True,capital,capital,True,1994-12-28,2026-03-13,,,2017-03-20,0.8561654434605623,0.018154044707044837,,
0000020199,CLI Capital,6798,,CIK0000020199,True,,,False,2007-06-26,2009-06-26,,,2010-05-04,,,,
0000023795,"CTO Realty Growth, Inc.",6798,CTO|CTO-PA,CTO,False,capital,capital,True,1995-03-30,2026-02-19,,,2021-02-12,0.7185240278424365,0.05127944890598782,,
0000025232,COUSINS PROPERTIES INC,6798,CUZ,CUZ,False,capital,capital,True,1994-03-30,2026-02-05,,,2014-04-23,0.8766634995326527,,,
0000034903,FEDERAL REALTY INVESTMENT TRUST,6798,FRT|FRT-PC,FRT,True,capital,capital,True,1994-03-18,2026-02-12,,2022-01-05,2022-01-03,0.9077331262608894,0.005174877935516132,,
0000036840,"FIRST REAL ESTATE INVESTMENT TRUST OF NEW JERSEY, INC.",6798,FREVS,FREVS,False,capital,capital,False,1996-02-01,2026-01-29,,,,0.7777381867001959,0.014234717589609775,,
0000037008,Winthrop Realty Liquidating Trust,6798,,CIK0000037008,False,capital,capital,True,1994-03-22,2019-03-29,,,2016-10-03,0.42644133761873243,0.15345692255461313,,0.28913030108781523
0000038067,FOREST CITY ENTERPRISES INC,6512,,CIK0000038067,False,capital,otro,True,1994-04-28,2015-02-24,,,2018-12-10,0.7822602886817699,,,
0000044689,GYRODYNE CO OF AMERICA INC,6512,,CIK0000044689,False,capital,capital,True,2006-07-31,2015-03-31,,,2015-08-31,0.45620048431477345,0.08709826876800367,,
0000049600,EASTGROUP PROPERTIES INC,6798,EGP,EGP,False,capital,capital,True,1996-03-20,2026-02-11,,,2008-08-11,0.9386591200163849,0.004549403278923442,,
0000052827,RAYONIER INC,6798,RYN,RYN,False,sin_clasificar,capital,True,1994-03-25,2026-02-23,,,2002-10-16,0.007815311645129863,,,
0000053500,"NEW BASTION DEVELOPMENT, INC.",6500,,CIK0000053500,False,,,False,1995-05-25,2011-11-30,,,,,,,
0000067625,MONMOUTH REAL ESTATE INVESTMENT CORP,6798,,CIK0000067625,False,capital,capital,True,1995-12-28,2021-11-12,,2022-02-25,2022-03-11,0.8709108451924601,0.0645690857021227,,
0000074208,"UDR, Inc.",6798,UDR,UDR,False,capital,capital,True,1994-03-31,2026-02-17,,,2012-05-31,0.869368410798513,0.0029535733083718694,,
0000077281,PENNSYLVANIA REAL ESTATE INVESTMENT TRUST,6798,,CIK0000077281,False,capital,capital,True,1994-11-29,2023-03-27,2020-11-03,,2024-04-01,0.8778424709611763,,,0.012516397870206034
0000078838,PITTSBURGH & WEST VIRGINIA RAILROAD,6798,,CIK0000078838,False,sin_clasificar,capital,True,1998-03-12,2011-03-28,,,,0.0,,,
0000082473,INNSUITES HOSPITALITY TRUST,6798,IHT,IHT,False,,,False,1995-04-28,2026-05-19,,2005-02-04,,,,,
0000083402,"RESOURCE AMERICA, INC.",6799,,CIK0000083402,False,sin_clasificar,otro,True,1996-12-30,2016-03-11,,2016-09-08,2017-06-07,0.06419386538832536,0.019413146002862338,,
0000101390,UNITED MORTGAGE TRUST,6798,,CIK0000101390,False,,,False,2004-03-15,2015-03-31,,,,,,,
0000104894,Elme Communities,6798,ELME,ELME,False,capital,capital,True,1995-03-31,2026-02-27,,2025-11-13,,0.9014031055146352,,,
0000106535,WEYERHAEUSER CO,6798,WY,WY,False,sin_clasificar,capital,True,1994-03-11,2026-02-13,,,2022-06-29,0.11189586738267569,,,
0000202947,CAPITAL PROPERTIES INC /RI/,6519,CPTP,CPTP,False,capital,capital,False,2007-03-28,2025-02-07,,,2025-02-11,0.7784099154071102,,,0.00686106346483705
0000215639,DVL INC /DE/,6798,,CIK0000215639,False,,,False,1995-04-11,2010-03-31,,,2011-02-08,,,,
0000311817,HMG COURTLAND PROPERTIES INC,6798,,CIK0000311817,False,sin_clasificar,capital,False,2009-03-31,2021-03-30,,,2022-01-25,0.03179358404617385,0.02711893882778347,,
0000316206,"STARWOOD HOTELS & RESORTS WORLDWIDE, LLC",7011,,CIK0000316206,False,capital,otro,True,1996-03-07,2016-02-25,,2016-09-23,2016-10-03,0.34205020920502094,,,0.0005003335557038026
0000317331,CONSOLIDATED CAPITAL PROPERTIES III,6798,,CIK0000317331,False,,,False,2009-03-27,2010-04-09,,,2011-03-29,,,,
0000352915,UNIVERSAL HEALTH SERVICES INC,8062,UHS,UHS,True,capital,otro,True,1994-03-30,2026-02-25,,,,0.4268961799280066,,,
0000354521,CAPITAL REALTY INVESTORS LTD,6798,,CIK0000354521,False,,,False,1996-03-26,2013-05-15,,,2013-12-31,,,,
0000355804,CONSOLIDATED CAPITAL PROPERTIES IV,6798,,CIK0000355804,False,,,False,1996-03-28,2011-03-28,,,2012-01-23,,,,
0000356213,"Gold Merger Sub, LLC",7011,,CIK0000356213,False,capital,otro,True,1996-04-01,2016-02-29,,2016-04-28,2016-05-09,0.7536764583447215,0.00306683425701684,,
0000712770,ONE LIBERTY PROPERTIES INC,6798,OLP,OLP,False,capital,capital,True,1996-03-15,2026-03-06,,,2003-12-30,0.893554274329061,0.0008493234493822122,,
0000716133,CINCINNATI BELL INC,4813,,CIK0000716133,True,capital,otro,True,1994-03-30,2026-03-19,,2021-09-07,2021-10-04,0.5366266601452274,0.08306294613887086,,
0000719184,CONSOLIDATED CAPITAL INSTITUTIONAL PROPERTIES 2,6798,,CIK0000719184,False,,,False,1995-04-14,2013-03-13,,,2014-03-25,,,,
0000726516,"Direct Investment Holdings Group, Inc.",6798,,CIK0000726516,False,hipotecario,hipotecario,False,1998-05-11,2023-04-24,,,2024-03-22,0.0,,,1.0
0000726728,REALTY INCOME CORP,6798,O,O,False,capital,capital,False,1996-03-21,2026-02-25,,,2024-09-30,0.886129790340487,0.0037089491346397594,,
0000727346,"SELECTIS HEALTH, INC.",6798,GBCS,GBCS,False,capital,capital,False,1998-10-13,2026-04-15,2019-10-23,2026-09-09,,0.8278412426433898,0.0005799057912286465,,
0000729237,PARKWAY PROPERTIES INC,6798,,CIK0000729237,False,capital,capital,True,1998-03-31,2016-02-25,,2016-10-06,2016-10-17,0.8119275316111167,0.0009332808565809243,,
0000731245,PRESIDENTIAL REALTY CORP/DE/,6798,,CIK0000731245,False,capital,capital,True,1996-03-27,2023-03-31,,2011-11-09,2011-10-25,0.49906826819174194,0.0011664475026373832,,
0000733590,TRANSCONTINENTAL REALTY INVESTORS INC,6798,TCI,TCI,False,capital,otro,True,1995-03-29,2026-03-12,,,,0.7350015669752268,0.07010058108940687,,
0000740260,"Ventas, Inc.",6798,VTR,VTR,False,capital,capital,True,1996-03-29,2026-02-06,,,2019-01-04,0.8813036618575691,0.019292378378879392,,0.012390412338942784
0000751364,"NNN REIT, INC.",6798,NNN,NNN,False,capital,capital,True,1996-03-29,2026-02-11,,,2021-10-18,0.9606278715337446,0.005070566601459144,,0.002782720734905904
0000752642,"UMH PROPERTIES, INC.",6798,UMH|UMH-PD,UMH,False,capital,capital,True,1996-03-29,2026-02-25,,,2022-07-26,0.7663951724190483,0.14645932844523815,,0.020191179065246163
0000761648,"CEDAR REALTY TRUST, INC.",6798,CDR-PB|CDR-PC,CDR-PB,False,capital,capital,True,1996-03-26,2026-03-05,,2022-08-25,2022-09-06,0.8941002327426409,0.002938043210777966,,
0000764897,"Broad Street Realty, Inc.",6500,,CIK0000764897,False,capital,capital,False,1995-03-30,2025-03-28,2013-01-14,2019-12-27,,0.25626209399067323,,,
0000765880,"HEALTHPEAK PROPERTIES, INC.",6798,DOC,DOC,False,capital,capital,True,1994-03-28,2026-02-03,,,2023-02-10,0.7348729926019568,0.023766822484157703,,0.02240588025110804
0000766701,CAPSTEAD MORTGAGE CORP,6798,,CIK0000766701,False,hipotecario,hipotecario,True,1994-03-31,2021-02-19,,2021-10-19,2021-10-28,0.0,0.14456190512022515,0.8848465821915426,
0000766704,WELLTOWER INC.,6798,WELL,WELL,False,capital,capital,True,1995-03-08,2026-02-12,,2022-05-25,2022-05-25,0.8886877185620147,0.017439226065767248,,0.022946520349726038
0000768890,CONSOLIDATED CAPITAL INSTITUTIONAL PROPERTIES 3,6798,,CIK0000768890,False,,,False,1996-03-25,2011-03-25,,,2012-01-23,,,,
0000780053,"NATIONWIDE HEALTH PROPERTIES, LLC",6798,,CIK0000780053,False,capital,capital,True,1995-02-08,2011-03-01,,2011-07-08,2011-07-18,0.8181817684791495,,,
0000783280,DUKE REALTY CORP,6798,,CIK0000783280,True,capital,capital,True,1995-03-30,2022-02-18,,2022-10-03,2022-10-13,0.8717564719564292,,,
0000789570,MGM Resorts International,7011,MGM,MGM,True,capital,otro,True,1994-03-29,2026-02-11,,,,0.5404324263940162,,,
0000790816,BRANDYWINE REALTY TRUST,6798,BDN,BDN,False,capital,capital,True,1996-03-27,2026-02-23,,,2017-04-11,0.777467234446832,0.005197972455015115,,
0000790877,LEPERCQ CORPORATE INCOME FUND L P,6798,,CIK0000790877,False,,,False,2014-03-17,2018-02-27,,,2019-01-02,,,,
0000797465,"HG Holdings, Inc.",6798,STLY,STLY,True,sin_clasificar,otro,True,1995-02-15,2026-03-27,,2025-04-23,2018-04-19,0.004897257003939097,,,
0000797544,WELLS REAL ESTATE FUND II,6500,,CIK0000797544,False,,,False,1996-04-16,2009-03-23,,,2009-11-06,,,,
0000798288,Centro NP LLC,6798,,CIK0000798288,False,,,False,1996-03-13,2009-03-31,,2007-04-20,2007-05-29,,,,
0000798359,CENTERSPACE,6798,CSR,CSR,False,capital,capital,True,1995-07-27,2026-02-17,,,2024-09-30,0.9302041484669115,9.585007470784004e-05,,
0000798783,UNIVERSAL HEALTH REALTY INCOME TRUST,6798,UHT,UHT,False,capital,capital,True,1995-03-27,2026-02-25,,,,0.7489807627723126,,,
0000803649,EQC Liquidating Trust,6798,,CIK0000803649,False,capital,capital,True,1994-03-23,2025-10-21,,2014-03-31,2025-06-13,0.36367330525419517,0.06098957323652793,,
0000803771,USA REAL ESTATE INVESTMENT TRUST /CA,6798,,CIK0000803771,False,,,False,1996-04-02,2014-02-25,,,2014-02-26,,,,
0000812192,PROFUTURES DIVERSIFIED FUND L P,6798,,CIK0000812192,False,,,False,1996-03-29,2010-04-15,,,2010-09-20,,,,
0000824004,WELLS REAL ESTATE FUND II-OW,6500,,CIK0000824004,False,,,False,1996-04-16,2009-03-23,,,2009-11-06,,,,
0000826675,DYNEX CAPITAL INC,6798,DX|DX-PC|DXPRV,DX,False,hipotecario,otro,True,1994-03-22,2026-02-25,,,2025-06-26,0.0,0.13315005890536272,0.8108584447405751,
0000828916,WEINGARTEN REALTY INVESTORS /TX/,6798,,CIK0000828916,True,capital,capital,True,1994-03-24,2021-02-26,,2021-08-04,2021-08-16,0.7996254345301554,,,
0000830748,"PACIFIC OFFICE PROPERTIES TRUST, INC.",6798,,CIK0000830748,False,capital,capital,True,2009-03-30,2018-03-12,,,2019-03-29,0.7430058786033005,,,
0000838856,WELLS REAL ESTATE FUND III L P,6500,,CIK0000838856,False,,,False,1996-04-16,2009-03-23,,,2009-11-06,,,,
0000842183,RPT Realty,6798,,CIK0000842183,False,capital,capital,True,1995-03-31,2023-02-16,,2024-01-03,2024-01-12,0.8772219829272854,,,
0000849213,PLUM CREEK TIMBER CO INC,6798,,CIK0000849213,False,sin_clasificar,capital,True,1994-03-14,2016-02-18,,2016-02-19,2016-03-04,,,,
0000858339,"CAESARS HOLDINGS, INC.",7011,,CIK0000858339,False,capital,otro,True,1994-03-28,2020-02-25,,2020-07-21,2020-07-30,0.5947635725545862,,,
0000860546,COPT DEFENSE PROPERTIES,6798,CDP,CDP,False,capital,capital,True,1998-03-31,2026-02-20,,2010-09-17,2017-06-27,0.8691444262098905,,,
0000866368,"PS BUSINESS PARKS, INC./MD",6798,,CIK0000866368,False,capital,capital,True,1997-03-28,2023-02-28,,2022-07-22,2023-01-13,0.9496143088992781,,,
0000877860,NATIONAL HEALTH INVESTORS INC,6798,NHI,NHI,True,capital,capital,True,1997-03-06,2026-02-26,,,2006-10-25,0.8947704133436752,0.09175210635619976,,0.07056814424554456
0000879101,KIMCO REALTY CORP,6798,KIM|KIM-PL|KIM-PM|KIM-PN,KIM,False,capital,capital,True,1997-03-19,2026-02-20,,,2023-01-03,0.8114701725422668,0.006256920127412159,,0.021666869989830702
0000883237,"VIRTUS INVESTMENT PARTNERS, INC.",6282,VRTS,VRTS,False,sin_clasificar,otro,True,1997-03-28,2026-02-27,,,2024-01-16,0.0066624197365484665,0.0006331062123025235,,
0000885508,STRATUS PROPERTIES INC,6552,STRS,STRS,False,sin_clasificar,otro,True,1997-03-28,2026-03-27,,,2026-08-10,0.0,,,
0000887905,LTC PROPERTIES INC,6798,LTC,LTC,False,capital,capital,True,1997-02-14,2026-02-24,,,2011-04-28,0.7347908473279107,0.17059436920372956,,
0000888491,OMEGA HEALTHCARE INVESTORS INC,6798,OHI,OHI,False,capital,capital,True,1997-03-31,2026-02-09,,,2011-03-07,0.7111529360995827,0.08583502030078888,,0.14306642065985073
0000890319,TAUBMAN CENTERS INC,6798,,CIK0000890319,False,capital,capital,True,1997-03-27,2020-02-27,,2020-12-29,2021-01-29,0.7597010168059468,,,
0000894315,SITE Centers Corp.,6798,SITC,SITC,True,capital,capital,True,1997-03-31,2026-02-26,,,2024-11-26,0.8631067811760116,0.01334948487980958,,
0000895417,EQUITY LIFESTYLE PROPERTIES INC,6798,ELS,ELS,False,capital,capital,True,1997-03-11,2026-02-18,,,2017-09-25,0.932583278276025,0.005679269622745823,,0.007888029146547414
0000895648,"GGP, Inc. (fka General Growth Properties Inc. & predecessor to General Growth Properties, Inc.)",6798,,CIK0000895648,False,capital,capital,True,1997-03-31,2010-03-01,2009-04-16,,2011-03-07,0.7874839991088047,,,
0000899045,LAMAR MEDIA CORP/DE,6798,,CIK0000899045,True,,,False,1997-01-28,2026-02-20,,,2003-06-20,,,,
0000899629,ACADIA REALTY TRUST,6798,AKR,AKR,False,capital,capital,True,1997-03-31,2026-02-13,,,,0.758164304288353,,,
0000899689,VORNADO REALTY TRUST,6798,VNO|VNORP|VNO-PL|VNO-PM|VNO-PN|VNO-PO,VNO,False,capital,capital,True,1995-03-23,2026-02-09,,2012-04-23,2021-10-13,0.699244125253395,0.0014067208709251618,,0.0023964394188897425
0000899715,TANGER INC.,6798,SKT,SKT,False,capital,capital,True,1997-03-19,2026-02-26,,,2010-12-21,0.7814643040354332,,,
0000899749,"HRTI, LLC",6798,,CIK0000899749,False,capital,capital,True,1997-03-28,2022-02-22,,2022-07-21,2022-08-01,0.9040871252461218,,,
0000899881,PROLOGIS,6798,,CIK0000899881,False,capital,capital,True,1997-03-03,2011-02-28,,2011-06-07,2011-08-05,0.7896777557482537,0.022132770718584403,,
0000903127,POST PROPERTIES INC,6798,,CIK0000903127,False,capital,capital,True,1997-03-28,2016-02-26,,2016-12-01,2016-12-14,0.9564799932413167,,,
0000904978,SUN HEALTHCARE GROUP INC,8051,,CIK0000904978,False,sin_clasificar,otro,True,1997-03-28,2012-03-01,,2012-12-03,2012-12-13,0.19109041347266897,,,
0000906107,VIVMARK RESIDENTIAL,6798,VMRK,VMRK,False,capital,capital,True,1997-03-21,2026-02-13,,,2012-08-21,0.9510315722073608,9.551421457772849e-05,,
0000906345,CAMDEN PROPERTY TRUST,6798,CPT,CPT,False,sin_clasificar,capital,True,1997-03-28,2026-02-12,,2020-05-07,2001-05-03,0.0,,,
0000907254,"SAUL CENTERS, INC.",6798,BFS|BFS-PD|BFS-PE,BFS,True,capital,capital,True,1997-03-31,2026-02-27,,,2019-10-17,0.925946272434848,,,0.0006414235521812826
0000908311,Creative Media & Community Trust Corp,6798,CMCT,CMCT,False,capital,capital,True,1996-03-29,2026-03-10,,2014-03-11,2023-01-19,0.7667231098656686,0.45396839194017524,,0.8303873144321936
0000909111,COLONIAL PROPERTIES TRUST,6798,,CIK0000909111,False,sin_clasificar,capital,True,1997-03-31,2013-02-28,,2013-10-02,2013-10-15,,,,
0000910108,LXP Industrial Trust,6798,LXP|LXP-PC,LXP,False,capital,capital,True,1997-03-31,2026-02-12,,,2013-04-29,0.8861647429770019,0.026802154681437537,,
0000910606,REGENCY CENTERS CORP,6798,REG|REGCO|REGCP,REG,False,capital,capital,True,1997-03-25,2026-02-13,,,2018-11-13,0.8583810044650781,,,
0000910612,CBL & ASSOCIATES PROPERTIES INC,6798,CBL,CBL,False,capital,capital,True,1997-03-31,2026-03-03,2020-11-02,2021-11-02,2021-11-02,0.8931176486498879,0.05438897879929078,,
0000911635,ASSOCIATED ESTATES REALTY CORP,6798,,CIK0000911635,False,capital,capital,True,1997-03-26,2015-02-18,,2015-08-07,2015-08-18,0.9635028790082625,,,
0000912242,MACERICH CO,6798,MAC,MAC,False,capital,capital,True,1997-03-25,2026-02-20,,,2015-06-08,0.743851721612585,0.0034192237939414645,,
0000912593,SUN COMMUNITIES INC,6798,SUI,SUI,True,capital,capital,True,1997-03-31,2026-02-25,,2020-07-02,2019-12-19,0.8753678310065983,0.023192471278955476,,0.01850597918931511
0000912595,MID AMERICA APARTMENT COMMUNITIES INC.,6798,MAA|MAA-PI,MAA,False,capital,capital,True,1997-03-31,2026-02-06,,,2026-10-01,0.9634546150901128,,,
0000912898,GLIMCHER REALTY TRUST,6798,,CIK0000912898,False,capital,capital,True,1997-03-25,2014-02-25,,2015-01-15,2015-01-23,0.8881408121864637,,,
0000913957,AMREIT,6798,,CIK0000913957,False,,,True,1997-03-27,2009-03-30,,,2009-11-24,,,,
0000915912,AVALONBAY COMMUNITIES INC,6798,,CIK0000915912,True,capital,capital,True,1997-03-28,2026-02-27,,2026-08-17,2026-09-16,0.8521105623074772,,,
0000916530,W2007 Grace Acquisition I Inc,6798,,CIK0000916530,False,capital,capital,False,1997-03-19,2015-06-12,,2007-10-30,2016-01-20,0.9059536334400347,,,
0000917251,AGREE REALTY CORP,6798,ADC|ADC-PA,ADC,False,capital,capital,True,1997-03-28,2026-02-10,,,,1.6163545353992668,,,
0000919956,"Diversicare Healthcare Services, Inc.",8051,,CIK0000919956,False,capital,otro,True,1997-03-31,2021-03-11,,2021-11-19,2021-11-22,0.360338253614708,,,
0000920522,"ESSEX PROPERTY TRUST, INC.",6798,ESS,ESS,False,capital,capital,True,1997-03-31,2026-02-20,,,2016-04-18,0.8448680972580143,0.012304554730442832,,
0000921082,"HIGHWOODS PROPERTIES, INC.",6798,HIW,HIW,True,capital,capital,True,1997-03-28,2026-02-10,,,2011-08-03,0.8686062171604811,0.0054163000365395324,,
0000921112,LIBERTY PROPERTY TRUST,6798,,CIK0000921112,False,capital,capital,True,1997-03-03,2019-02-27,,2020-02-04,2020-02-14,0.867858513231128,,,
0000921738,"PENN Entertainment, Inc.",7011,PENN,PENN,False,capital,otro,True,1997-03-28,2026-02-26,,2007-06-12,,0.3600502863528426,,,
0000921825,FIRST INDUSTRIAL REALTY TRUST INC,6798,FR,FR,False,capital,capital,True,1997-03-31,2026-02-11,,,2013-08-01,0.9048040702070225,,,
0000922864,APARTMENT INVESTMENT & MANAGEMENT CO,6798,AIV,AIV,False,capital,capital,True,1997-03-31,2026-03-02,,2020-12-15,2019-05-30,0.8557223684221891,0.012853587317364126,,0.009463355923506877
0000923118,HOME PROPERTIES INC,6798,,CIK0000923118,True,capital,capital,True,1997-03-26,2015-02-24,,2015-10-07,2015-10-19,0.9776986356612156,,,0.00011819478500568937
0000923284,IRC Retail Centers Inc,6798,,CIK0000923284,True,capital,capital,True,1997-03-28,2016-02-26,,2016-03-30,2016-04-11,0.7891190618492715,0.00814892275400897,,
0000923603,FelCor Lodging Trust Inc,6798,,CIK0000923603,False,capital,capital,True,1997-03-31,2017-02-24,,2017-09-01,2017-09-08,0.8410351102305339,,,
0000923796,GEO GROUP INC,1520,GEO,GEO,True,capital,capital,True,1997-03-28,2026-02-25,,,,0.5249161923596438,,,
0000924901,"Veris Residential, Inc.",6798,,CIK0000924901,False,capital,capital,True,1997-03-31,2026-02-23,,2026-05-27,2026-06-08,0.8538129387828719,0.0031756701785271447,,
0000928953,PILLARSTONE CAPITAL REIT,6798,,CIK0000928953,False,capital,capital,False,2009-03-13,2026-08-13,,,,0.8158010974092234,,,1.39647577092511
0000929545,"CONDOR HOSPITALITY TRUST, INC.",6798,,CIK0000929545,False,capital,capital,True,1997-03-31,2022-02-04,,,2022-04-25,0.8931087703591796,,,
0000930236,REDWOOD TRUST INC,6798,RWT|RWTN|RWTO|RWTP|RWT-PA|RWTQ|RWTS,RWT,True,sin_clasificar,otro,True,1997-03-25,2026-02-27,,,2003-05-05,0.0004257394968642055,0.058763612755523165,,
0000934543,AMERICAN CHURCH MORTGAGE CO,6500,,CIK0000934543,True,sin_clasificar,hipotecario,False,2009-03-31,2022-03-29,,,2022-08-02,0.0,0.477826353746599,,
0000944314,"LIFE STORAGE, INC.",6798,,CIK0000944314,False,capital,capital,True,1997-03-31,2023-02-24,,2023-07-20,2023-07-31,0.9530812789344282,,,
0000945394,Service Properties Trust,6798,SVC,SVC,True,capital,capital,True,1996-03-29,2026-02-25,,,2017-02-10,0.917966301102571,,,0.00030477042878113044
0000946155,TIAA REAL ESTATE ACCOUNT,6500,,CIK0000946155,False,,,False,1996-03-22,2026-03-12,,,,,,,
0000949961,INCOME OPPORTUNITY REALTY INVESTORS INC /TX/,6798,IOR,IOR,False,sin_clasificar,otro,True,1997-03-13,2026-03-12,,2009-07-22,,0.0,0.1024055940131477,,
0001000298,IMPAC MORTGAGE HOLDINGS INC,6798,,CIK0001000298,False,hipotecario,hipotecario,True,1997-03-31,2023-03-16,,,2023-05-10,0.0,0.02259245495840128,,2.236214241437069
0001001604,EMERITUS CORP\WA\,8050,,CIK0001001604,False,capital,otro,True,1997-03-31,2014-02-20,,2014-08-01,2014-08-11,0.8356701920856848,,,
0001004724,"REGIONAL HEALTH PROPERTIES, INC",6519,RHEP|RHEPA|RHEPB|RHEPZ,RHEP,False,capital,capital,True,2009-03-31,2026-04-02,,,2025-06-11,0.6346665521318464,,,
0001011109,ACRE REALTY INVESTORS INC,6798,,CIK0001011109,False,sin_clasificar,capital,True,1999-03-26,2017-03-09,,2015-02-02,2017-10-11,0.0,,,0.20965744416091736
0001011174,BRE PROPERTIES INC /MD/,6798,,CIK0001011174,True,capital,capital,True,1996-08-19,2014-02-18,,2014-04-01,2014-04-14,0.9297895961726486,,,0.0009935887942571107
0001018215,WELLS REAL ESTATE FUND X L P,6532,,CIK0001018215,False,,,False,1998-03-25,2011-03-22,,,2011-12-14,,,,
0001018216,WELLS REAL ESTATE FUND XI L P,6532,,CIK0001018216,False,,,False,1999-03-30,2013-03-15,,,2013-12-12,,,,
0001018254,UNITED DOMINION REALTY L P,6798,,CIK0001018254,False,,,False,2011-02-23,2021-02-18,,,,,,,
0001020569,IRON MOUNTAIN INC,6798,IRM,IRM,True,capital,capital,True,1997-03-11,2026-02-12,,,2015-01-23,0.3305912042802868,0.0016871276929300938,,
0001021422,"EASTERN LIGHT CAPITAL, INC.",6798,,CIK0001021422,False,sin_clasificar,hipotecario,False,1997-05-09,2011-04-15,,,2012-03-27,0.0,,,
0001022344,SIMON PROPERTY GROUP L P,6798,,CIK0001022344,True,,,False,1997-03-31,2026-02-25,,,2020-08-07,,,,
0001023291,Energy Future Holdings Corp /TX/,4911,,CIK0001023291,True,capital,otro,False,1998-03-27,2016-03-01,2015-12-11,2007-10-11,2017-01-12,0.4407514123012002,,,
0001024126,"PERNIX THERAPEUTICS HOLDINGS, INC.",2834,,CIK0001024126,True,sin_clasificar,otro,True,1997-03-31,2018-03-08,2019-02-19,2010-03-15,2019-09-25,0.0041112490996631414,0.011355341500283915,,
0001025378,W. P. Carey Inc.,6798,WPC,WPC,False,capital,capital,True,1998-03-31,2026-02-11,,,2021-03-24,0.9673367061827949,,,
0001025953,"NOVATION COMPANIES, INC.",6531,,CIK0001025953,False,hipotecario,hipotecario,False,1998-03-25,2021-03-04,2008-09-15,2006-02-14,2011-08-04,0.008322929671244279,0.5917530292119353,,
0001025996,KILROY REALTY CORP,6798,KRC,KRC,True,capital,capital,True,1997-03-28,2026-02-11,,,2017-08-15,0.8842821913959553,0.002288657621537226,,
0001029800,URSTADT BIDDLE PROPERTIES INC,6798,,CIK0001029800,False,capital,capital,True,1998-01-23,2023-01-13,,2023-08-21,2023-08-28,0.8881189491578554,0.04710132041423184,,
0001031235,"Global Self Storage, Inc.",6798,SELF,SELF,True,capital,capital,True,2017-03-31,2026-03-25,,,2008-03-27,0.8673989818986312,0.02501700648016519,,
0001031316,FRANKLIN STREET PROPERTIES CORP /MA/,6798,FSP,FSP,False,capital,capital,True,2002-03-29,2026-03-09,,,,0.8114518406032664,,,
0001034054,SBA COMMUNICATIONS CORP,6798,SBAC,SBAC,False,capital,capital,True,1999-03-31,2026-02-27,,,2017-01-18,0.3484279735604735,0.00012753272011350412,,
0001035443,"ALEXANDRIA REAL ESTATE EQUITIES, INC.",6798,ARE,ARE,False,capital,capital,True,1998-03-31,2026-01-26,,,2019-10-07,0.8559587348191515,0.009047540088762736,,0.00771841743039182
0001037390,"INDUS REALTY TRUST, INC.",6500,,CIK0001037390,True,capital,capital,True,1998-02-27,2023-03-06,,2023-06-29,2023-07-10,0.6682496379374221,0.01013769676296995,,
0001037540,"BXP, Inc.",6798,BXP,BXP,False,capital,capital,True,1998-03-31,2026-02-27,,,2021-04-01,0.8115723786424438,,,0.004433554230410997
0001040719,DITECH HOLDING Corp,6162,,CIK0001040719,False,sin_clasificar,otro,True,1998-03-31,2019-04-16,2017-12-01,,2019-05-15,0.005892100282250704,0.06939453892776434,,0.08734244833068362
0001040829,"Ryman Hospitality Properties, Inc.",6798,RHP,RHP,True,capital,capital,True,1998-03-31,2026-02-24,,,2012-09-05,0.8305141882811743,,,
0001040971,SL GREEN REALTY CORP,6798,SLG|SLG-PI,SLG,True,capital,capital,True,1998-03-31,2026-02-17,,,2013-06-25,0.5794241147108797,0.08575242907571161,,0.0017185262175305684
0001041326,CORPORATE PROPERTY ASSOCIATES 14 INC,6798,,CIK0001041326,True,,,False,1998-04-14,2011-03-28,,2011-05-06,2011-05-09,,,,
0001042776,"Piedmont Realty Trust, Inc.",6512,PDM,PDM,False,capital,capital,True,1999-03-30,2026-02-17,,,,0.8442721529756521,,,
0001042798,PRIME GROUP REALTY TRUST,6798,,CIK0001042798,True,,,False,1998-03-31,2010-04-09,,2005-07-05,2010-05-27,,,,
0001042810,"EQUITY ONE, INC.",6798,,CIK0001042810,True,capital,capital,True,1999-03-31,2017-02-28,,2017-03-01,2017-03-13,0.8778993435831671,,,
0001043219,ANNALY CAPITAL MANAGEMENT INC,6798,NLY|NLY-PF|NLY-PG|NLY-PI|NLY-PJ,NLY,True,hipotecario,otro,True,1998-03-27,2026-02-12,,,2026-10-01,0.0,0.8325151337244289,0.7492745924812839,
0001043325,CENTERLINE HOLDING CO,6500,,CIK0001043325,True,sin_clasificar,otro,False,1998-04-15,2012-03-29,,,2013-03-15,0.0,0.09167132399266915,,0.1939086073436259
0001045425,RAIT Financial Trust,6798,,CIK0001045425,True,capital,hipotecario,True,1998-04-07,2019-03-26,2019-09-03,2020-03-27,2020-03-27,0.3105549842602705,0.36899305244661684,,0.5478498608209554
0001045450,EPR PROPERTIES,6798,EPR|EPR-PC|EPR-PE|EPR-PG,EPR,True,capital,capital,True,1998-03-31,2026-02-26,,,2017-12-21,0.7453184140513365,0.06370322367102288,,0.003038710302181481
0001045609,"Prologis, Inc.",6798,PLD|PLDGP,PLD,False,capital,capital,True,1998-03-31,2026-02-13,,,2026-01-09,0.778593945452456,0.00658491160603712,,
0001046788,HARRIS PREFERRED CAPITAL CORP,6798,,CIK0001046788,False,,,False,1999-03-22,2013-03-15,,,2013-05-01,,,,
0001047865,WEBSTER PREFERRED CAPITAL CORP,6798,,CIK0001047865,True,,,False,1998-03-31,2011-03-01,,,2011-12-20,,,,
0001047884,ANWORTH MORTGAGE ASSET CORP,6798,,CIK0001047884,False,hipotecario,hipotecario,True,1999-03-31,2021-02-26,,2021-03-19,2021-04-01,0.0019738197896783166,0.14803524671759938,0.7795625342977364,88.40873460246361
0001050112,ANTHRACITE CAPITAL INC,6798,,CIK0001050112,False,,,True,1999-03-31,2009-03-18,2010-03-15,,2009-12-21,,,,
0001051470,CROWN CASTLE INC.,6798,CCI,CCI,False,capital,capital,True,1999-03-17,2026-02-23,,,2020-08-03,0.41432090093158547,,,
0001052752,GETTY REALTY CORP /MD/,6500,GTY,GTY,False,capital,capital,True,1998-05-01,2026-02-12,,,2003-10-03,0.7779887092486164,,,0.02342480472411914
0001053507,AMERICAN TOWER CORP /MA/,6798,AMT,AMT,False,capital,capital,True,1998-04-09,2026-02-24,,,2026-05-22,0.3338746775654374,8.734875760627274e-06,,
0001053532,LaSalle Hotel Properties,6798,,CIK0001053532,False,capital,capital,True,1999-03-24,2018-02-20,,2018-12-04,2018-12-10,0.9344764143207179,,,
0001055160,"MFA FINANCIAL, INC.",6798,MFA|MFAN|MFAO|MFA-PB|MFA-PC,MFA,False,hipotecario,otro,True,1999-03-31,2026-02-20,,,2025-12-12,0.0,0.8060290529917956,0.6648256929405625,304.79624605058814
0001057436,"STRATEGIC HOTELS & RESORTS, INC",6798,,CIK0001057436,False,capital,capital,True,2005-03-07,2015-02-24,,2015-12-11,2015-12-28,0.8156235340355384,,,
0001057689,"CapLease, Inc.",6798,,CIK0001057689,False,capital,capital,True,2005-03-30,2013-02-21,,2013-11-06,2013-11-18,0.8642083871372718,0.015408670833611835,,0.09570546753825769
0001061630,"BLACKSTONE MORTGAGE TRUST, INC.",6798,BXMT,BXMT,False,hipotecario,otro,True,1999-03-31,2026-02-11,,,2013-06-26,0.0,0.96704758895399,0.2798402746163014,1.0
0001063344,HERSHA HOSPITALITY TRUST,6798,,CIK0001063344,False,capital,capital,True,1999-03-31,2023-02-23,,2023-11-28,2023-12-08,0.9070539583269084,,,
0001063761,SIMON PROPERTY GROUP INC.,6798,SPG|SPG-PJ,SPG,False,capital,capital,True,1999-03-31,2026-02-25,,,2010-04-09,0.7564551460115982,0.002027863946771312,,
0001065001,"Shearson American REIT, Inc.",6770,,CIK0001065001,False,,,False,2010-03-15,2014-05-19,,,,,,,
0001067419,MISSION WEST PROPERTIES INC,6798,,CIK0001067419,True,capital,capital,True,1999-03-31,2012-03-15,,,2013-01-09,0.9334341271281847,,,
0001070750,"HOST HOTELS & RESORTS, INC.",6798,HST,HST,False,capital,capital,True,1999-03-26,2026-02-25,,,2020-10-30,0.8288719746857094,,,
0001070985,"CoreCivic, Inc.",6798,CXW,CXW,False,capital,otro,True,1999-03-30,2026-02-20,,,,0.8433651928020037,,,
0001072806,EOS Preferred Corp,6500,,CIK0001072806,False,,,False,1999-03-31,2012-04-13,,2007-02-26,2012-04-10,,,,
0001075415,DIVERSIFIED HEALTHCARE TRUST,6798,DHC|DHCNI|DHCNL,DHC,True,capital,capital,True,2000-03-30,2026-02-24,,2007-01-29,2016-06-30,0.8812025380493447,0.008621268999863234,,
0001077241,T REIT LIQUIDATING TRUST,6512,,CIK0001077241,True,,,False,2001-04-02,2012-04-06,,,2007-07-20,,,,
0001080340,"MANHATTAN BRIDGE CAPITAL, INC",6798,LOAN,LOAN,False,hipotecario,otro,True,2009-03-18,2026-03-27,,,,0.0,0.969802570457812,,0.8206663680238502
0001080657,"Presidio Property Trust, Inc.",6798,SQFT|SQFTP|SQFTW,SQFT,True,capital,capital,True,2009-05-29,2026-03-27,,,,0.8791650692186319,,,0.005208304075997617
0001084475,"Video River Networks, Inc.",6500,NIHK,NIHK,True,sin_clasificar,otro,False,2009-04-16,2025-04-16,,2019-11-01,2025-11-05,0.010127267520695846,,,
0001086670,BELLAVISTA CAPITAL INC,6798,,CIK0001086670,False,sin_clasificar,otro,False,2001-03-30,2013-07-18,,,,0.0,,,
0001090425,LAMAR ADVERTISING CO/NEW,6798,LAMR,LAMR,False,capital,capital,True,2000-03-28,2026-02-20,,,,0.2893935740876904,,,
0001095651,Safehold Inc.,6798,SAFE,SAFE,False,capital,capital,True,2000-03-30,2026-02-12,,2023-04-04,2023-03-31,0.29324252276217627,0.245507993554085,,0.025929420129346296
0001101239,EQUINIX INC,6798,EQIX,EQIX,True,capital,capital,True,2001-03-27,2026-02-11,,,,0.5534086497558353,0.02945947961429181,,
0001102238,AMERICAN REALTY INVESTORS INC,6510,ARL,ARL,False,capital,otro,False,2002-04-01,2026-03-12,,,,0.7274449635942654,0.11646192056978427,,
0001121783,AMERICAN SPECTRUM REALTY INC,6798,,CIK0001121783,False,sin_clasificar,capital,False,2002-04-15,2014-10-31,2014-02-21,,2015-03-31,0.0,,,
0001125376,"ENSIGN GROUP, INC",8051,ENSG,ENSG,True,capital,otro,True,2008-03-06,2026-02-04,,2019-02-21,2014-06-17,0.32497653381226793,0.0007597586178636586,,
0001127245,WELLS REAL ESTATE FUND XIII L P,6512,,CIK0001127245,False,,,False,2002-03-26,2017-03-31,,,2017-12-18,,,,
0001138301,CORPORATE PROPERTY ASSOCIATES 15 INC,6798,,CIK0001138301,True,capital,capital,False,2002-03-27,2012-03-05,,2012-10-04,2012-10-23,0.6462356204482349,,,
0001140657,HUNTINGTON PREFERRED CAPITAL INC,6798,,CIK0001140657,True,,,False,2002-03-28,2013-03-11,,,2014-01-09,,,,
0001143834,FIRST REPUBLIC PREFERRED CAPITAL CORP,6798,,CIK0001143834,False,,,False,2002-03-28,2012-03-15,,2010-07-02,2012-07-10,,,,
0001159281,AlerisLife Inc.,8051,,CIK0001159281,False,capital,otro,True,2002-03-29,2022-02-24,,2023-03-20,2023-03-30,0.5866446383370223,0.05261927232739676,,0.0009450271391370103
0001164246,G REIT Liquidating Trust,6798,,CIK0001164246,False,,,False,2003-03-31,2012-04-13,,,2008-01-28,,,,
0001170991,DCT Industrial Trust Inc.,6798,,CIK0001170991,True,capital,capital,True,2003-03-31,2018-02-16,,2018-08-22,2018-11-09,0.9284063309413284,,,
0001174891,"TerraVolt Holdings, Inc.",6798,GEDC,GEDC,False,sin_clasificar,otro,False,2008-12-22,2026-03-31,,2018-09-14,,0.0,,,
0001175483,Drive Shack Inc.,5810,,CIK0001175483,False,hipotecario,hipotecario,True,2003-02-28,2022-03-18,,,2023-01-03,0.0,0.00982933844443818,0.22804931066631276,0.13809275306590493
0001175535,Whitestone REIT,6798,,CIK0001175535,False,capital,capital,True,2004-03-30,2026-03-06,,2026-07-14,2026-07-24,0.9167392576948824,0.0006039573372474701,,
0001176373,TIER REIT INC,6798,,CIK0001176373,False,capital,capital,True,2004-03-30,2019-02-11,,2019-06-14,2019-06-27,0.8409806054258258,,,
0001176948,Ares Management Corp,6282,ARES|ARES-PB,ARES,False,sin_clasificar,otro,True,2015-03-20,2026-02-25,,,2021-06-30,0.0,0.003511568238994496,,
0001178862,"BERKSHIRE INCOME REALTY, INC.",6500,,CIK0001178862,True,,,False,2003-03-31,2015-03-31,,,2015-11-09,,,,
0001179351,Behringer Harvard Short-Term Liquidating Trust,6512,,CIK0001179351,False,,,False,2004-03-30,2015-03-26,,,2013-02-11,,,,
0001179352,Behringer Harvard Mid-Term Value Enhancement Liquidating Trust,6512,,CIK0001179352,False,,,False,2004-03-30,2014-03-27,,,2011-02-16,,,,
0001188382,WACHOVIA PREFERRED FUNDING CORP,6798,,CIK0001188382,True,,,False,2003-03-31,2013-03-21,,2009-01-05,2014-01-14,,,,
0001204560,"MPG Office Trust, Inc.",6798,,CIK0001204560,True,capital,capital,True,2004-03-30,2013-03-18,,2013-10-15,2013-10-28,0.8290174700602152,,,
0001209028,Arlington Asset Investment Corp.,6798,,CIK0001209028,False,hipotecario,hipotecario,True,2004-03-15,2023-03-31,,2023-12-15,2024-01-08,0.0,0.12483324479443444,0.7088397044542242,
0001222840,"RETAIL PROPERTIES OF AMERICA, INC.",6798,,CIK0001222840,False,capital,capital,True,2004-02-27,2021-02-17,,2021-10-22,2021-11-03,0.9109963478413463,0.0037934587751528347,,
0001232582,ASHFORD HOSPITALITY TRUST INC,6798,AHT|AHT-PD|AHT-PF|AHT-PG|AHT-PH|AHT-PI,AHT,False,capital,capital,True,2004-03-29,2026-03-23,,,2017-09-18,0.8748134586944027,,,0.0
0001234006,GLADSTONE COMMERCIAL CORP,6519,GOOD|GOODN|GOODO,GOOD,False,capital,capital,True,2004-03-11,2026-02-18,,,2021-07-12,0.820454445438136,,,
0001250873,CORPORATE PROPERTY ASSOCIATES 16 GLOBAL INC,6519,,CIK0001250873,False,capital,capital,False,2004-03-25,2013-02-26,,2014-02-04,2014-02-11,0.6041504394914411,,,
0001252849,"COLUMBIA PROPERTY TRUST, INC.",6798,,CIK0001252849,True,capital,capital,True,2004-03-12,2021-02-18,,2021-12-08,2021-12-20,0.794542308340723,,,
0001253986,ARBOR REALTY TRUST INC,6798,ABR|ABR-PD|ABR-PE|ABR-PF,ABR,True,hipotecario,otro,True,2005-03-31,2026-02-27,,,2021-06-24,0.00700909736181244,0.7875430984656939,,24.93987122337791
0001254595,FIRST POTOMAC REALTY TRUST,6798,,CIK0001254595,True,capital,capital,True,2004-03-30,2017-02-24,,2017-10-02,2017-10-12,0.3900476435530534,,,
0001256069,SIGNATURE OFFICE REIT INC,6798,,CIK0001256069,True,,,False,2011-03-28,2015-03-06,,,2015-06-12,,,,
0001261159,CNL LIFESTYLE PROPERTIES INC,6798,,CIK0001261159,True,capital,capital,False,2005-03-31,2017-03-27,,,2018-01-02,0.7094646190395384,0.04177938092430663,,
0001262959,HINES REAL ESTATE INVESTMENT TRUST INC,6798,,CIK0001262959,True,,,False,2005-03-31,2016-03-28,,,2018-08-07,,,,
0001268039,ORIGEN FINANCIAL INC,6798,,CIK0001268039,False,,,True,2005-04-15,2009-03-27,,,2009-01-14,,,,
0001270436,Cohen & Co Inc.,6211,COHN,COHN,False,hipotecario,otro,True,2005-03-31,2026-03-06,,,2009-12-28,0.0,0.21806394917590247,0.5844711013990855,0.5225891273998093
0001272430,PALADIN REALTY INCOME PROPERTIES INC,6798,,CIK0001272430,True,,,False,2006-03-28,2013-03-28,,,2014-03-11,,,,
0001273685,"ADAMAS TRUST, INC.",6798,ADAM|ADAMG|ADAMH|ADAMI|ADAMK|ADAML|ADAMM|ADAMN|ADAMO|ADAMZ,ADAM,True,sin_clasificar,otro,True,2005-03-31,2026-02-20,,,2021-12-17,0.0,0.01177084881228665,0.09201473135830734,
0001273801,NORTHSTAR REALTY FINANCE CORP.,6798,,CIK0001273801,False,capital,capital,True,2005-04-01,2016-02-29,,2017-01-10,2017-01-23,0.3725607503085668,0.16211790787808272,,0.7531739409913121
0001274055,DESERT CAPITAL REIT INC,6798,,CIK0001274055,True,,,False,2005-03-31,2011-03-18,,,,,,,
0001275477,"BIMINI CAPITAL MANAGEMENT, INC.",6798,BMNM,BMNM,False,hipotecario,hipotecario,False,2005-01-31,2026-03-13,,2006-02-15,2007-12-31,0.01562986157078748,0.7927778991356389,0.6900300270970536,0.5207255062479516
0001277151,APPLE REIT SIX INC,6798,,CIK0001277151,True,,,False,2005-03-11,2013-02-26,,,2013-05-14,,,,
0001277406,"SPIRIT REALTY CAPITAL, INC.",6798,,CIK0001277406,True,capital,capital,True,2005-03-24,2013-03-05,,2013-07-17,2013-08-01,0.8867488265732741,0.01619300752028756,,
0001283630,AMERICAN CAMPUS COMMUNITIES INC,6798,,CIK0001283630,False,capital,capital,True,2005-03-30,2022-02-28,,2022-08-12,2022-08-19,0.9441260039144802,0.009421675573287502,,
0001284812,"COHEN & STEERS, INC.",6282,CNS,CNS,True,sin_clasificar,otro,True,2005-03-28,2026-02-27,,,,0.03482763363726014,0.07529272806680457,,
0001286043,KITE REALTY GROUP TRUST,6798,KRG,KRG,False,capital,capital,True,2005-03-31,2026-02-17,,2021-05-14,2015-12-08,0.9156857973298751,,,
0001286218,"EXCELLENCY INVESTMENT REALTY TRUST, INC.",6500,,CIK0001286218,False,,,False,2009-04-15,2010-04-16,,2005-10-05,,,,,
0001287701,Gramercy Property Trust Inc.,6798,,CIK0001287701,False,capital,capital,True,2005-03-17,2015-03-09,,2015-12-18,2015-12-30,0.5352253989039235,0.0034412800662165263,,
0001287865,MEDICAL PROPERTIES TRUST INC,6798,MPT,MPT,False,sin_clasificar,capital,True,2006-03-31,2026-02-26,,,,0.0,0.10347346248242734,,
0001289236,BioMed Realty Trust Inc,6798,,CIK0001289236,False,capital,capital,True,2005-03-31,2015-02-06,,2016-01-27,2016-02-08,0.8979452509172012,,,
0001289272,Cole Credit Property Trust Inc,6798,,CIK0001289272,False,,,False,2008-03-27,2014-03-31,,2014-05-20,2014-05-20,,,,
0001289490,Extra Space Storage Inc.,6798,EXR,EXR,False,capital,capital,True,2005-03-15,2026-02-20,,,,0.8946436193616016,,,
0001294017,JER Investors Trust Inc,6798,,CIK0001294017,False,,,True,2006-03-22,2010-12-20,,,2010-03-31,,,,
0001294538,"Great Wolf Resorts, Inc.",7011,,CIK0001294538,True,capital,otro,True,2005-03-24,2013-03-29,,2012-05-04,2012-06-01,0.7281265271158279,,,
0001295810,"Sunstone Hotel Investors, Inc.",7011,SHO|SHO-PH|SHO-PI,SHO,True,capital,capital,True,2005-02-22,2026-02-27,,,2021-08-12,0.8696925593332508,,,
0001296884,"Lightstone Value Plus REIT I, Inc.",6798,,CIK0001296884,True,,,False,2006-03-29,2026-03-30,,,,,,,
0001297587,Gramercy Property Trust,6798,,CIK0001297587,False,capital,capital,True,2007-04-02,2018-03-01,,2018-10-10,2018-10-22,0.7209029135683003,,,
0001297996,"DIGITAL REALTY TRUST, INC.",6798,DLR|DLR-PK|DLR-PJ|DLR-PL,DLR,False,capital,capital,True,2005-03-31,2026-02-13,,,2021-05-17,0.6390155363315252,,,
0001298675,CubeSmart,6798,CUBE,CUBE,True,capital,capital,True,2005-03-31,2026-02-27,,,2016-11-04,0.9534861530965965,,,
0001298946,DiamondRock Hospitality Co,6798,DRH,DRH,False,capital,capital,True,2006-03-13,2026-02-27,,,2025-12-31,0.8776442374643281,,,
0001299901,"Trade Street Residential, Inc.",6798,,CIK0001299901,False,capital,capital,True,2005-04-15,2015-03-13,,2015-09-17,2015-09-28,0.9393231519017738,,,
0001301236,Sotherly Hotels Inc.,6798,,CIK0001301236,False,capital,capital,True,2005-03-31,2026-04-15,,2026-02-18,2026-04-21,1.1096033605944613,,,
0001301932,BioMed Realty L P,6500,,CIK0001301932,False,,,False,2011-02-09,2015-02-06,,2016-01-27,2016-02-08,,,,
0001302343,"Education Realty Trust, Inc.",6798,,CIK0001302343,True,sin_clasificar,capital,True,2005-03-31,2018-02-27,,2018-09-20,2018-10-02,0.0,,,
0001307748,InvenTrust Properties Corp.,6798,IVT,IVT,False,capital,capital,True,2006-03-15,2026-02-12,,2007-09-19,,0.8264481495936935,,,
0001308606,"SPIRIT REALTY CAPITAL, INC.",6512,,CIK0001308606,False,capital,capital,True,2006-03-23,2023-02-28,,2024-01-24,2024-02-06,0.9051330790297059,0.011049371800763227,,0.005246095560352769
0001308711,"Behringer Harvard Opportunity REIT I, Inc.",6798,,CIK0001308711,True,,,False,2006-03-31,2017-03-22,,,2018-12-12,,,,
0001310157,FSP GALLERIA NORTH CORP,6798,,CIK0001310157,True,,,False,2007-03-09,2017-03-30,,,2014-07-03,,,,
0001310383,"Summit Healthcare REIT, Inc",6798,,CIK0001310383,False,,,False,2006-03-24,2026-03-27,,,,,,,
0001313918,CIFC Corp.,6199,,CIK0001313918,False,sin_clasificar,otro,True,2006-03-17,2016-03-25,,2013-12-19,2016-01-05,0.00035409485145725486,0.019463374705910082,0.025232984155156266,0.4222361350237387
0001314152,"JLL Income Property Trust, Inc.",6798,,CIK0001314152,True,,,False,2007-03-16,2026-03-26,,,,,,,
0001327603,"Vestin Realty Mortgage II, Inc",6798,,CIK0001327603,True,sin_clasificar,hipotecario,True,2006-06-07,2016-03-30,,,2017-03-30,0.0,0.09119064334315685,,0.3516966067864271
0001327978,Ares Real Estate Income Trust Inc.,6798,ZARE,ZARE,False,,,False,2006-04-25,2026-03-06,,,,,,,
0001328300,"Vestin Realty Mortgage I, Inc.",6798,,CIK0001328300,True,hipotecario,hipotecario,True,2006-06-28,2015-03-31,,,2016-01-12,0.0,0.11007017356936558,,0.6221532091097308
0001329011,"Apple REIT Seven, Inc.",6798,,CIK0001329011,False,,,False,2007-03-08,2013-03-06,,,2014-03-06,,,,
0001330466,AmREIT Monthly Income & Growth Fund III Ltd,6798,,CIK0001330466,False,,,False,2009-03-31,2015-03-30,,,2016-03-28,,,,
0001330622,"KBS Real Estate Investment Trust, Inc.",6798,,CIK0001330622,False,capital,capital,False,2006-04-05,2017-03-28,,,2018-12-28,0.7133182136098083,0.02048160613917753,,
0001330969,"CV HOLDINGS, INC.",6798,,CIK0001330969,True,,,False,2007-03-26,2009-03-16,,,2009-03-16,,,,
0001332349,Brookdale Senior Living Inc.,8050,BKD,BKD,False,capital,otro,True,2006-03-31,2026-02-19,,,2025-03-31,0.7815894074596614,,,
0001332551,ACRES Commercial Realty Corp.,6798,ACR|ACR-PC|ACR-PD,ACR,False,hipotecario,otro,True,2006-03-29,2026-03-10,,2009-11-09,2018-03-28,0.012376089738786813,0.0063467911326192256,,1.7504156740541243
0001332896,"TH Merger Company, LLC",6798,,CIK0001332896,True,capital,capital,True,2006-03-31,2012-03-30,,2012-04-03,2012-04-13,0.8486459517109914,,,
0001338749,POTLATCHDELTIC CORP,6798,,CIK0001338749,False,sin_clasificar,capital,True,2006-02-24,2025-02-13,,2026-02-02,2026-02-12,0.08937473033942231,,,
0001341141,"CatchMark Timber Trust, Inc.",6798,,CIK0001341141,True,sin_clasificar,capital,True,2007-03-27,2022-03-03,,2022-09-15,2022-09-26,0.0,,,
0001344705,"Crystal River Capital, Inc.",6798,,CIK0001344705,True,,,False,2007-03-30,2010-03-26,,,2010-08-02,,,,
0001347523,"Landmark Apartment Trust, Inc.",6798,,CIK0001347523,True,capital,capital,False,2007-04-09,2015-03-24,,2016-01-27,2016-01-27,0.9480257564580435,,,
0001347652,"CorEnergy Infrastructure Trust, Inc.",6798,,CIK0001347652,False,sin_clasificar,capital,True,2008-02-27,2024-05-14,2024-02-26,,2024-05-14,0.1640259830124406,,,
0001351051,"Genesis Healthcare, Inc.",8051,,CIK0001351051,False,capital,otro,True,2008-02-29,2021-03-16,,2015-02-06,2021-03-25,0.5401742171159813,0.03193363953614098,,
0001354309,FSP PHOENIX TOWER CORP,6500,,CIK0001354309,True,,,False,2008-03-10,2015-03-31,,,2013-02-01,,,,
0001356115,NEXPOINT DIVERSIFIED REAL ESTATE TRUST,6798,NXDT|NXDT-PA,NXDT,True,sin_clasificar,otro,True,2023-03-31,2026-03-31,,,,0.24421013447489648,,,
0001360604,Healthcare Realty Trust Inc,6798,HR,HR,False,capital,capital,True,2007-03-02,2026-02-13,,2022-07-26,2013-11-15,0.8970957642528636,0.010201153828669384,,0.0009693576818104361
0001364250,Douglas Emmett Inc,6798,DEI,DEI,False,capital,capital,True,2007-04-02,2026-02-20,,,,0.9377097906888542,,,
0001368757,"GTJ REIT, INC.",6798,,CIK0001368757,False,,,False,2008-05-01,2026-03-19,,,,,,,
0001378774,Sentio Healthcare Properties Inc,6798,,CIK0001378774,False,capital,capital,False,2008-03-17,2017-03-17,,2017-08-31,2017-08-31,0.8274338842816172,,,
0001379075,FSP 50 South Tenth Street Corp,6798,,CIK0001379075,False,,,False,2008-03-07,2017-03-30,,,2014-10-20,,,,
0001380393,Fortress Investment Group LLC,6282,,CIK0001380393,False,sin_clasificar,otro,True,2007-04-17,2017-02-28,,2017-12-28,2018-01-08,0.0,,,0.006874231196183733
0001382134,"Shopoff Properties Trust, Inc.",6798,,CIK0001382134,False,,,False,2008-03-31,2012-04-06,,,2012-01-17,,,,
0001384710,"Monogram Residential Trust, Inc.",6798,,CIK0001384710,True,capital,capital,True,2009-03-31,2017-02-28,,2017-09-19,2017-09-29,0.8879415944900406,,,
0001386926,KKR Financial Holdings LLC,6199,,CIK0001386926,False,hipotecario,hipotecario,True,2008-02-28,2017-03-29,,2014-05-05,2018-01-26,0.0,0.6883937708656347,,1.0
0001387061,"Lightstone Value Plus REIT V, Inc.",6798,,CIK0001387061,True,,,False,2008-03-31,2026-03-26,,,,,,,
0001387361,"Apple REIT Eight, Inc.",6798,,CIK0001387361,False,,,False,2008-03-04,2013-03-07,,,2014-03-06,,,,
0001390213,Corporate Property Associates 17 - Global INC,6798,,CIK0001390213,False,,,False,2008-03-31,2018-03-15,,2018-11-01,2018-11-01,,,,
0001393311,Public Storage,6798,PSA|PSA-PH|PSA-PU|PSA-PF|PSA-PG|PSA-PI|PSA-PJ|PSA-PK|PSA-PL|PSA-PM|PSA-PN|PSA-PO|PSA-PP|PSA-PQ|PSA-PR|PSA-PS|PSA-PT,PSA,False,capital,capital,True,2008-02-29,2026-02-12,,,2023-08-15,0.8649370206712181,0.009915656104965843,,
0001393726,TIPTREE INC.,6331,TIPT,TIPT,True,sin_clasificar,otro,True,2008-03-31,2026-03-09,,2010-08-16,2011-01-31,0.006594019120874574,0.05420179686761126,,0.007921931368703372
0001396446,"CYS Investments, Inc.",6798,,CIK0001396446,True,hipotecario,hipotecario,True,2010-02-10,2018-02-15,,2018-07-31,2018-08-01,0.0,0.9728418126393275,0.7348412746052136,
0001397807,"AmREIT, Inc.",6798,,CIK0001397807,True,capital,capital,False,2008-03-18,2014-02-21,,2015-02-18,2015-02-19,0.8743111230452517,,,
0001406391,Enterprise Acquisition Corp.,6798,,CIK0001406391,False,,,True,2008-03-27,2009-03-16,,,2009-11-09,,,,
0001406982,Capitol Acquisition Corp,6798,,CIK0001406982,False,,,True,2008-03-31,2009-03-16,,2009-11-03,2009-11-09,,,,
0001407623,RETAIL OPPORTUNITY INVESTMENTS CORP,6798,,CIK0001407623,False,capital,capital,True,2008-04-04,2024-02-15,,2025-02-12,2025-02-24,0.9358059581024264,,,
0001407739,"DUPONT FABROS TECHNOLOGY, INC.",6500,,CIK0001407739,True,capital,capital,True,2008-02-29,2017-02-23,,2017-09-14,2017-09-28,0.8982013187333322,,,
0001408100,"Kennedy-Wilson Holdings, Inc.",6500,,CIK0001408100,False,capital,otro,True,2008-03-31,2026-02-27,,2026-06-16,2026-06-29,0.6292638036809816,0.02865685822469995,,0.03775234461929741
0001409493,CHIMERA INVESTMENT CORP,6798,CIM|CIM-PA|CIMN|CIMO|CIMP|CIM-PB|CIM-PC|CIM-PD,CIM,False,hipotecario,otro,True,2008-03-03,2026-02-18,,2021-09-13,,0.0,0.1796995082932853,0.3032105155912573,
0001410567,"SmartStop Self Storage, Inc.",6798,,CIK0001410567,False,,,False,2009-03-30,2015-03-25,,2015-10-01,2015-10-01,,,,
0001410997,"American Realty Capital Trust, Inc.",6500,,CIK0001410997,False,capital,capital,True,2009-03-03,2012-02-16,,2013-01-22,2013-02-01,0.9502575595789869,0.008108139821409713,,
0001411059,"KBS Real Estate Investment Trust II, Inc.",6798,,CIK0001411059,True,,,False,2009-03-27,2023-04-05,,,2023-05-05,,,,
0001411342,Ellington Financial Inc.,6500,EFC|EFC-PB|EFC-PC|EFC-PD,EFC,False,hipotecario,hipotecario,True,2011-03-16,2026-03-02,,,2026-02-27,0.0,0.1738403188712157,0.4000182639110177,
0001411494,"Apollo Asset Management, Inc.",6282,,CIK0001411494,True,sin_clasificar,otro,True,2012-03-09,2023-03-01,,2022-01-03,2023-10-03,0.0030564060708485156,,,
0001412502,Sterling Real Estate Trust,6798,,CIK0001412502,False,,,False,2012-03-30,2026-03-11,,,,,,,
0001418121,"Apple Hospitality REIT, Inc.",6798,APLE,APLE,False,capital,capital,True,2009-03-04,2026-02-23,,,2014-03-06,0.967850573155342,,,
0001419521,Hatteras Financial Corp,6798,,CIK0001419521,True,hipotecario,hipotecario,True,2009-02-19,2016-02-24,,2016-07-12,2016-07-22,0.0,0.0008349450091301237,0.8454800859455733,
0001423689,AGNC Investment Corp.,6798,AGNC|AGNCL|AGNCM|AGNCN|AGNCO|AGNCP|AGNCZ,AGNC,False,hipotecario,otro,True,2009-02-17,2026-02-23,,,2019-11-25,0.0,0.7974933092812551,0.7256234373998334,
0001424182,"Broadstone Net Lease, Inc.",6798,BNL,BNL,True,capital,capital,True,2018-03-15,2026-02-19,,,,0.8320946703076249,,,
0001424879,"Moody National REIT I, Inc.",6798,,CIK0001424879,False,,,False,2010-03-31,2017-03-23,,2017-09-28,2017-09-28,,,,
0001425923,"Cole Real Estate Investments, Inc.",6798,,CIK0001425923,False,capital,capital,True,2009-03-31,2013-03-29,,2014-02-07,2014-02-18,0.8812666687054059,0.011777302976941675,,
0001426011,TALON REAL ESTATE HOLDING CORP.,6798,,CIK0001426011,False,capital,capital,False,2011-03-11,2019-04-17,,2013-06-07,,0.7656631228666221,,,
0001428205,"Armour Residential REIT, Inc.",6798,ARR|ARR-PC,ARR,True,hipotecario,otro,True,2010-03-30,2026-02-18,,2009-11-12,2020-02-27,0.0,0.9038803348222896,0.8313324460633496,
0001430259,Carey Watermark Investors Inc,6500,,CIK0001430259,False,,,False,2011-03-18,2019-03-15,,2020-04-13,2020-04-13,,,,
0001431766,FSP 303 East Wacker Drive Corp.,6512,,CIK0001431766,True,,,False,2009-03-12,2021-03-30,,,2018-10-15,,,,
0001433821,"Corix Bioscience, Inc.",6512,,CIK0001433821,False,sin_clasificar,otro,False,2009-05-01,2017-04-10,,2017-08-07,,0.0,,,0.015985504740383523
0001436975,"Lightstone Value Plus REIT II, Inc.",6798,,CIK0001436975,True,,,False,2010-03-31,2026-03-30,,,,,,,
0001437071,Invesco Mortgage Capital Inc.,6798,IVR|IVR-PC,IVR,False,hipotecario,otro,True,2010-03-24,2026-02-23,,,2024-12-27,0.0,0.013535505246181129,0.7837009016828984,
0001438897,"Inland Diversified Real Estate Trust, Inc.",6798,,CIK0001438897,False,,,False,2010-03-26,2014-03-13,,,2014-07-08,,,,
0001440292,United Development Funding IV,6798,,CIK0001440292,False,hipotecario,hipotecario,True,2010-03-31,2015-03-16,,,2017-05-18,0.0,,,0.7106611871665395
0001442626,"Bluerock Residential Growth REIT, Inc.",6798,,CIK0001442626,True,sin_clasificar,capital,True,2010-03-31,2022-03-11,,2022-10-06,2022-10-17,0.0,,,0.10354684598119479
0001445049,Energy Future Competitive Holdings Co LLC,4911,,CIK0001445049,True,,,False,2009-03-05,2016-03-01,2015-12-11,,2016-10-04,,,,
0001445146,Energy Future Intermediate Holding CO LLC,4911,,CIK0001445146,False,,,False,2010-02-25,2016-03-01,2015-12-11,,2016-10-04,,,,
0001446371,"Strategic Realty Trust, Inc.",6798,,CIK0001446371,False,,,False,2010-03-31,2024-03-29,,,2025-03-28,,,,
0001446687,"SILVER STAR PROPERTIES REIT, INC",6500,,CIK0001446687,False,capital,capital,False,2010-03-31,2023-05-26,2011-07-20,,,0.8553035085068434,,,
0001452168,"CNL Growth Properties, Inc.",6798,,CIK0001452168,True,,,False,2010-03-18,2017-03-17,,,2017-10-31,,,,
0001452477,Seven Hills Realty Trust,6798,SEVN,SEVN,True,hipotecario,otro,True,2022-02-17,2026-02-18,,2021-10-04,2022-01-03,0.0,0.8743146590450858,,1.7517844963332436
0001452936,"Pacific Oak Strategic Opportunity REIT, Inc.",6798,,CIK0001452936,False,capital,capital,True,2010-03-11,2025-03-31,,,,0.7689925373502706,0.018952279544507997,0.0421741778319123,
0001453818,HGR Liquidating Trust,6798,,CIK0001453818,False,,,False,2010-03-31,2022-03-31,,,2020-07-07,,,,
0001455271,"Griffin-American Healthcare REIT II, Inc.",6798,,CIK0001455271,False,,,False,2010-02-25,2014-03-14,,,2014-12-09,,,,
0001455650,N1 Liquidating Trust,6798,,CIK0001455650,False,,,False,2011-03-29,2020-03-30,,2018-02-01,2018-02-01,,,,
0001455863,AMERICOLD REALTY TRUST,6798,COLD,COLD,True,capital,capital,True,2018-03-29,2026-02-26,,,2022-05-26,0.6266449100426947,,,
0001456016,"Griffin Capital Essential Asset REIT, Inc.",6798,,CIK0001456016,False,,,False,2010-03-30,2019-03-15,,2019-05-01,2019-05-01,,,,
0001456772,OFFICE PROPERTIES INCOME TRUST,6500,OPI,OPI,False,capital,capital,True,2010-02-22,2026-05-22,2025-10-31,2026-06-23,2025-11-14,0.7997978617092574,,,
0001459241,"Global Income Trust, Inc.",6798,,CIK0001459241,True,,,False,2011-03-07,2015-03-13,,,2016-02-04,,,,
0001464423,PennyMac Mortgage Investment Trust,6798,PMT|PMT-PA|PMT-PB|PMT-PC|PMTU|PMTV|PMTW,PMT,False,hipotecario,otro,True,2010-03-11,2026-02-18,,,,0.0,,0.48699690966179093,0.6242168842659638
0001464720,DC Industrial Liquidating Trust,6500,,CIK0001464720,False,,,False,2010-03-26,2017-01-31,,2015-11-04,2015-11-04,,,,
0001465128,"STARWOOD PROPERTY TRUST, INC.",6798,STWD,STWD,False,sin_clasificar,otro,True,2010-03-08,2026-02-25,,,,0.01866706190392839,0.04977840649629429,0.14212077271143547,
0001465740,TWO HARBORS INVESTMENT CORP.,6798,TWO-PC|TWO-PB|TWO-PA|TWOD,TWO-PC,True,hipotecario,hipotecario,True,2010-03-04,2026-02-17,,2026-08-25,2026-09-28,0.0,0.627097725568288,0.6777165271332091,
0001465885,Western Asset Mortgage Capital Corp,6798,,CIK0001465885,True,hipotecario,hipotecario,True,2013-04-09,2023-03-13,,2023-12-06,2023-12-20,0.0,0.89506931299636,0.6435549743338418,
0001466085,"INDEPENDENCE REALTY TRUST, INC.",6798,IRT,IRT,False,capital,capital,True,2011-03-25,2026-02-17,,2011-01-24,2017-07-31,0.9492613318647636,,,
0001466225,"Resource Real Estate Opportunity REIT, Inc.",6798,,CIK0001466225,False,,,False,2011-03-30,2020-03-20,,2021-01-29,2021-02-08,,,,
0001467027,CreXus Investment Corp.,6798,,CIK0001467027,False,hipotecario,hipotecario,True,2010-03-01,2013-03-01,,2013-05-24,2013-06-04,0.0339938885361443,,0.047995083983664144,35.28342058270734
0001467076,"Colony Capital, Inc.",6798,,CIK0001467076,True,sin_clasificar,otro,True,2010-03-22,2016-02-29,,2017-01-10,2017-01-23,0.0,0.3629409344383574,,
0001467760,"Apollo Commercial Real Estate Finance, Inc.",6798,ARI,ARI,True,hipotecario,otro,True,2010-03-17,2026-02-10,,,2019-06-10,0.0,0.875104406289798,0.332167468832242,0.025308901868989833
0001468010,"Steadfast Income REIT, Inc.",6798,,CIK0001468010,False,,,False,2011-03-22,2019-03-15,,2020-03-06,2020-03-10,,,,
0001469822,"KBS Legacy Partners Apartment REIT, Inc.",6798,,CIK0001469822,False,,,False,2011-03-11,2018-03-09,,,2018-12-28,,,,
0001473078,Chesapeake Lodging Trust,6798,,CIK0001473078,False,capital,capital,True,2011-02-16,2019-02-21,,2019-09-18,2019-09-30,0.9059827557580784,,,
0001474098,Pebblebrook Hotel Trust,6798,PEB|PEB-PF|PEB-PE|PEB-PG|PEB-PH,PEB,False,capital,capital,True,2010-03-24,2026-02-25,,,2021-08-26,0.926634720758279,,,
0001474464,New York REIT Liquidating LLC,6798,,CIK0001474464,False,capital,capital,True,2011-03-28,2025-03-31,,,2018-10-23,0.7965396487519035,0.001140414513132323,,
0001474777,American Farmland Co,6798,,CIK0001474777,True,capital,capital,True,2016-03-30,2016-03-30,,2017-02-03,2017-02-02,0.9552048971675693,,,
0001476045,Chatham Lodging Trust,6798,CLDT|CLDT-PA,CLDT,True,capital,capital,True,2011-03-09,2026-02-27,,2020-03-26,,0.9391631633536136,,,
0001476150,Terreno Realty Corp,6500,TRNO,TRNO,True,capital,capital,True,2010-03-29,2026-02-04,,,2017-07-21,0.9467571853530523,0.007874786211973014,,
0001476204,"Phillips Edison & Company, Inc.",6798,PECO,PECO,False,capital,capital,True,2011-03-30,2026-02-10,,,,0.9372645310766345,,,
0001476886,Clarion Partners Property Trust Inc.,6798,,CIK0001476886,False,,,False,2012-03-07,2013-03-14,,2011-06-15,2013-08-15,,,,
0001478950,"Excel Trust, Inc.",6798,,CIK0001478950,False,capital,capital,True,2011-03-10,2015-03-02,,2015-08-06,2015-08-13,0.8650764222360541,0.0029083675187698767,,0.0018126566081996054
0001479094,"STAG Industrial, Inc.",6798,STAG,STAG,False,capital,capital,True,2012-03-09,2026-02-11,,,2021-03-31,0.9505866084272607,,,
0001481832,PREFERRED APARTMENT COMMUNITIES INC,6798,,CIK0001481832,False,capital,capital,True,2012-03-15,2022-02-28,,2022-06-23,2022-07-05,0.7604873783501426,0.015412475122449604,,0.12592553516670735
0001482430,"KBS Real Estate Investment Trust III, Inc.",6798,KBSR,KBSR,False,,,False,2011-03-11,2026-03-27,,,,,,,
0001482512,"Hudson Pacific Properties, Inc.",6500,HPP|HPP-PC,HPP,False,capital,capital,True,2011-03-24,2026-02-27,,,2015-12-15,0.849398242414949,0.01012691481391455,,
0001482974,"Carter Validus Mission Critical REIT, Inc.",6798,,CIK0001482974,True,,,False,2011-03-31,2019-03-22,,2019-10-08,2019-10-08,,,,
0001487782,"PACIFIC OAK RESIDENTIAL TRUST, INC.",6798,,CIK0001487782,False,capital,capital,True,2011-03-30,2019-03-21,,2019-11-05,2019-11-14,0.8251437849690806,,,
0001490626,SC Merger Sub LLC,6798,,CIK0001490626,False,capital,capital,False,2012-03-13,2014-03-31,,,2015-01-30,0.9039285995085041,,,
0001490892,CoreSite Realty Corp,6798,,CIK0001490892,True,capital,capital,True,2011-03-11,2021-02-05,,2021-12-28,2022-01-07,0.8470574158631475,,,
0001490983,"Campus Crest Communities, Inc.",6500,,CIK0001490983,True,capital,capital,True,2011-03-11,2015-04-01,,2016-03-02,2016-03-14,0.8764413326255152,,,
0001492298,"Sabra Health Care REIT, Inc.",6798,SBRA,SBRA,True,capital,capital,True,2011-03-03,2026-02-12,,,2018-05-31,0.8572470131726744,0.024444737033253297,,0.05316159998666724
0001492459,FundCore Institutional Income Trust Inc.,6798,,CIK0001492459,False,,,False,2011-03-30,2012-02-15,,,2012-04-23,,,,
0001495240,GLADSTONE LAND Corp,6798,LAND|LANDP|LANDO,LAND,False,capital,capital,True,2013-03-27,2026-02-24,,,2026-01-29,0.9274019423772786,,,
0001496048,Brookfield Property REIT Inc.,6798,,CIK0001496048,False,capital,capital,True,2011-03-08,2021-02-26,,2018-08-28,2021-08-30,0.7700304614185245,,,
0001496454,"CNL Healthcare Properties, Inc.",6798,,CIK0001496454,True,,,False,2012-02-10,2025-03-10,,,2026-03-11,,,,
0001497645,"Summit Hotel Properties, Inc.",6798,INN|INN-PE|INN-PF,INN,True,capital,capital,True,2011-03-31,2026-02-25,,,2021-09-07,0.8691614261934387,0.009702902072684844,,
0001498542,"CIM INCOME NAV, INC.",6798,,CIK0001498542,False,,,False,2012-03-30,2021-03-31,,2021-12-16,2021-12-16,,,,
0001498547,"CIM GROUP, INC.",6798,CMRF,CMRF,False,hipotecario,hipotecario,False,2013-03-29,2026-03-30,,2026-06-29,,0.7409900652430144,0.5100499289311219,,0.30505104547407086
0001498828,Howard Hughes Corp,6798,,CIK0001498828,False,capital,otro,True,2011-04-08,2026-02-26,,,2024-01-11,1.389142444152578,,,
0001498864,"Apple REIT Ten, Inc.",6798,,CIK0001498864,False,,,False,2012-03-13,2016-03-04,,,2016-09-01,,,,
0001499686,"AVIV REIT, INC.",6798,,CIK0001499686,False,capital,capital,True,2012-03-14,2015-02-26,,2015-04-03,2015-05-01,0.8904213709247919,0.030508497275669594,,
0001499875,AMERICAN REALTY CAPITAL HEALTHCARE TRUST INC,6798,,CIK0001499875,False,capital,capital,True,2012-02-29,2014-02-26,,2015-01-20,2015-01-26,0.908928595106692,0.008457412861839772,,
0001500217,"American Assets Trust, Inc.",6798,AAT,AAT,True,capital,capital,True,2011-03-30,2026-02-06,,,,0.9043633860188013,,,
0001500554,"AMERICAN REALTY CAPITAL - RETAIL CENTERS OF AMERICA, INC.",6798,,CIK0001500554,True,,,False,2012-02-21,2016-03-11,,2017-02-17,2017-02-17,,,,
0001501745,"American Realty Capital Daily Net Asset Value Trust, Inc.",6798,,CIK0001501745,False,,,False,2012-02-29,2015-03-31,,,2016-03-31,,,,
0001503658,"Winning Catering Group, Inc.",6500,WNHK,WNHK,False,sin_clasificar,otro,False,2013-07-10,2026-02-25,,,,0.00015691168069712256,,,
0001503707,"NorthStar Healthcare Income, Inc.",6798,,CIK0001503707,False,capital,capital,False,2013-03-15,2025-03-14,,2025-06-09,2025-06-09,0.6772353802483029,0.02911955363639965,,0.05118466152268633
0001503828,"American Realty Capital Trust III, Inc.",6798,,CIK0001503828,False,,,False,2012-02-29,2012-02-29,,2013-03-06,2013-02-28,,,,
0001503993,"O'Donnell Strategic Industrial REIT, Inc.",6798,,CIK0001503993,False,,,False,2012-03-30,2013-04-01,,,,,,,
0001506401,"InfraREIT, Inc.",6798,,CIK0001506401,True,sin_clasificar,capital,True,2015-03-18,2019-02-27,,2019-05-16,2019-06-04,0.0,,,
0001507385,"VEREIT, Inc.",6798,,CIK0001507385,False,capital,capital,True,2012-03-19,2021-02-24,,2021-11-01,2021-11-12,0.8488913026278389,0.0014467949089812908,,
0001507563,"ESH Hospitality, Inc.",7011,,CIK0001507563,True,,,False,2014-03-20,2021-02-25,,2021-06-16,2021-09-07,,,,
0001511337,RLJ Lodging Trust,6798,RLJ|RLJ-PA,RLJ,False,capital,capital,True,2012-03-08,2026-02-27,,,,0.864886156529441,0.0037407697193618,,
0001514281,"TPG Mortgage Investment Trust, Inc.",6798,MITT|MITN|MITP|MITT-PA|MITT-PB|MITT-PC,MITT,False,hipotecario,otro,True,2012-03-19,2026-02-25,,,,0.0,0.8720139705770005,0.7587687924967268,21.18154046474359
0001515816,"Plymouth Industrial REIT, Inc.",6798,,CIK0001515816,True,capital,capital,True,2012-03-28,2025-03-03,,2026-01-27,2026-02-06,0.8567029241418279,,,-2.5487187590798105e-05
0001515966,"LODGECAP, INC.",6798,,CIK0001515966,False,,,False,2014-03-31,2014-03-31,,,2015-04-08,,,,
0001515980,"Apollo Residential Mortgage, Inc.",6798,,CIK0001515980,False,hipotecario,hipotecario,True,2012-03-08,2016-03-04,,,2016-09-20,0.0,0.8818450938361593,0.7769245864154871,
0001516973,MTGE Investment Corp.,6798,,CIK0001516973,False,hipotecario,hipotecario,True,2012-02-21,2018-02-27,,2018-09-07,2018-09-17,0.0,,0.7787742199248455,0.04615168144083298
0001518621,"Orchid Island Capital, Inc.",6798,ORC,ORC,False,hipotecario,otro,True,2013-03-22,2026-02-20,,,2014-10-14,0.0,0.897204977400207,0.8753398978933771,
0001520566,Nationstar Mortgage Holdings Inc.,6162,,CIK0001520566,False,sin_clasificar,otro,True,2013-03-15,2018-03-02,,2018-08-01,2018-08-23,0.008299513621125113,0.18855824279994512,,
0001526113,"Global Net Lease, Inc.",6798,GNL|GNL-PA|GNL-PB|GNL-PD|GNL-PE,GNL,False,capital,capital,True,2013-03-11,2026-02-25,,,,0.9054283547437036,,,
0001527166,Carlyle Group Inc.,6282,CG|CGABL,CG,False,sin_clasificar,otro,True,2013-03-14,2026-02-27,,,2020-01-13,0.0073614127409454295,,0.011035255545641302,0.012812914986609351
0001527541,"Wheeler Real Estate Investment Trust, Inc.",6798,WHLR|WHLRD|WHLRP|WHLRL,WHLR,False,capital,capital,True,2013-04-01,2026-03-05,,,2019-04-29,0.8158617009719658,,,0.003483373924180825
0001527590,Ready Capital Corp,6798,RC|RCD|RC-PC|RC-PE,RC,False,hipotecario,otro,True,2013-03-28,2026-03-02,,2016-11-04,2026-04-22,0.0,0.6482259330096611,0.21922668002103093,
0001528558,"Rouse Properties, LLC",6500,,CIK0001528558,True,sin_clasificar,capital,True,2012-03-29,2016-03-08,,2016-07-06,2016-07-18,0.0,,,
0001528985,"Inland Real Estate Income Trust, Inc.",6798,INRE,INRE,False,,,False,2013-04-01,2026-03-11,,,,,,,
0001529377,Ares Commercial Real Estate Corp,6798,ACRE,ACRE,False,hipotecario,otro,True,2013-04-01,2026-02-10,,,,0.0,0.912337652342824,,
0001532619,Power REIT,6798,PW|PW-PA,PW,True,sin_clasificar,capital,True,2012-03-28,2026-03-31,,,,0.0,,,0.00530429108346949
0001533615,Chiron Real Estate Inc.,6798,XRN|XRN-PA|XRN-PB,XRN,False,capital,capital,True,2012-11-29,2026-03-02,,2013-10-04,,0.9420696962177157,0.002204438327484476,,
0001536256,First Capital Real Estate Trust Inc,6798,,CIK0001536256,True,capital,capital,False,2013-03-29,2015-04-01,2017-06-02,,,0.724196885447714,0.043068840003369316,,
0001537667,SELECT INCOME REIT,6798,,CIK0001537667,False,capital,capital,True,2013-02-25,2018-02-16,,2018-12-31,2018-12-31,0.8426407057315795,,,
0001538990,STORE CAPITAL LLC,6798,,CIK0001538990,True,capital,capital,True,2015-03-10,2026-03-06,,2023-02-03,2023-02-03,0.9065791598869217,0.054510682985718456,,
0001541401,"Empire State Realty Trust, Inc.",6798,ESRT,ESRT,False,capital,capital,True,2014-03-24,2026-03-02,,,,0.5468261099943497,,,
0001542447,"RREEF Property Trust, Inc.",6798,,CIK0001542447,False,capital,capital,False,2013-03-28,2026-03-06,,,,0.8932998253609916,0.06326963106894545,,
0001545208,"American Realty Capital Trust IV, Inc.",6500,,CIK0001545208,False,,,False,2013-03-08,2013-03-08,,2014-01-03,2014-01-03,,,,
0001545654,"Alexander & Baldwin, Inc.",6798,,CIK0001545654,False,capital,capital,True,2013-02-28,2026-02-27,,2026-03-17,2026-03-23,0.5990191836145968,0.006948957530095431,,
0001546609,"MVP REIT, Inc.",6798,,CIK0001546609,True,capital,capital,False,2013-04-01,2017-03-24,,,2017-12-19,0.7350676829157156,,,0.015738498789346248
0001547546,"Lument Finance Trust, Inc.",6798,LFT|LFT-PA,LFT,False,hipotecario,otro,True,2014-03-12,2026-03-23,,,2019-02-14,0.0,0.77792825894049,0.39707533432215114,
0001548981,"American Residential Properties, Inc.",6798,,CIK0001548981,False,capital,capital,True,2014-03-31,2015-03-16,,2016-03-04,2016-03-11,0.8774235067143574,0.030798211051501927,,
0001550913,"MacKenzie Realty Capital, Inc.",6798,MKZR,MKZR,True,capital,capital,True,2013-09-30,2026-09-28,,2021-07-14,,0.8136045333170232,,,
0001552890,JAVELIN MORTGAGE INVESTMENT CORP.,6798,,CIK0001552890,False,hipotecario,hipotecario,True,2013-03-21,2016-03-03,,2016-04-04,2016-04-25,0.0,0.7519018467044035,0.860045477213354,
0001553023,CyrusOne Holdco LLC,6798,,CIK0001553023,False,capital,capital,True,2013-03-29,2022-02-17,,2022-03-25,2022-04-14,0.7382603426801764,,,
0001555039,Front Yard Residential Corp,6500,,CIK0001555039,True,capital,capital,True,2013-02-07,2020-02-28,,2021-01-11,2021-01-22,0.6099420091093251,0.2695310070220038,0.005499141252106519,
0001555074,Altisource Asset Management Corp,6500,,CIK0001555074,False,sin_clasificar,otro,True,2013-02-07,2024-03-29,,,2024-09-16,0.0,0.3917980673425169,0.00543014846245406,
0001556364,"Owens Realty Mortgage, Inc.",6798,,CIK0001556364,False,sin_clasificar,hipotecario,True,2014-03-27,2019-03-15,,2019-03-29,2019-03-29,0.1849236359371578,0.3855559307637817,,0.38962431469202113
0001556593,Rithm Capital Corp.,6798,RITM|RITM-PA|RITM-PB|RITM-PC|RITM-PD|RITM-PE|RITM-PF,RITM,True,hipotecario,otro,True,2014-03-28,2026-02-19,,,,0.00035540044112821514,0.28192127802032285,0.3666474762965915,0.3407494771085878
0001557255,Silver Bay Realty Trust Corp.,6798,,CIK0001557255,False,capital,capital,True,2013-03-01,2017-02-28,,2017-05-09,2017-05-19,0.9027385875267337,,,
0001558235,CORPORATE PROPERTY ASSOCIATES 18 GLOBAL INC,6798,,CIK0001558235,False,capital,capital,False,2014-03-19,2022-02-25,,2022-08-04,2022-08-04,0.8468010179295495,0.027443566665181204,,
0001558441,INDUSTRIAL PROPERTY TRUST,6798,,CIK0001558441,True,,,False,2014-03-07,2020-03-09,,,2020-07-28,,,,
0001559484,"Resource REIT, Inc.",6798,,CIK0001559484,False,,,False,2015-03-30,2022-03-25,,2022-05-19,2022-05-19,,,,
0001560672,Ellington Credit Co,6798,EARN|ELLA,EARN,False,hipotecario,otro,True,2014-03-21,2025-06-23,,,,0.0,,0.8121060784907083,
0001561032,"National Healthcare Properties, Inc.",6798,NHP|HLTC|NHPBP,NHP,False,capital,capital,True,2014-03-07,2026-02-20,,,2026-10-05,0.91302894852522,0.0004973942613025479,,
0001561894,"HA Sustainable Infrastructure Capital, Inc.",6799,HASI,HASI,True,hipotecario,hipotecario,True,2014-03-18,2026-02-13,,,2024-07-02,0.09851725798977826,0.04965715559362013,,0.5657495495171697
0001562401,American Homes 4 Rent,6798,AMH|AMH-PG|AMH-PH,AMH,False,capital,capital,True,2014-03-26,2026-02-20,,,2022-05-05,0.8726540955272672,,,
0001562528,"Franklin BSP Realty Trust, Inc.",6798,FBRT|FBRT-PE,FBRT,False,hipotecario,otro,True,2014-03-13,2026-02-25,,,2022-04-28,0.0,0.8446908436202379,0.06435293426047252,1.5656673367712612
0001563756,"Lightstone Value Plus REIT III, Inc.",6798,,CIK0001563756,False,,,False,2015-03-31,2026-03-30,,,,,,,
0001564657,"NorthStar Real Estate Income II, Inc.",6798,,CIK0001564657,True,,,False,2014-03-11,2017-03-17,,2018-02-01,2018-02-01,,,,
0001566445,BRE Select Hotels Corp,6798,,CIK0001566445,True,,,False,2014-03-28,2019-03-29,,,,,,,
0001566912,"Griffin-American Healthcare REIT III, Inc.",6798,,CIK0001566912,False,,,False,2015-03-19,2021-03-25,,2021-10-01,2021-10-04,,,,
0001567925,"Sila Realty Trust, Inc.",6798,,CIK0001567925,True,capital,capital,True,2015-03-26,2026-02-25,,2026-07-01,2026-07-13,0.8432458777129446,0.0004167266032707173,,0.0009912945357525137
0001568162,"Necessity Retail REIT, Inc.",6798,,CIK0001568162,False,capital,capital,True,2014-03-10,2023-02-23,,2023-09-12,2023-09-22,0.9363832260150864,0.00770899854208271,,0.004144177514530945
0001568669,"PNMAC Holdings, Inc.",6162,,CIK0001568669,False,hipotecario,hipotecario,True,2014-03-14,2018-03-09,,2018-11-01,2018-11-13,0.004653247345301136,,0.35290801380900816,0.06608196698812266
0001569187,"AH Realty Trust, Inc.",6500,AHRT|AHRT-PA,AHRT,True,capital,capital,True,2014-03-31,2026-02-26,,,,0.7758998686043962,,,0.03089644239813661
0001571283,"Rexford Industrial Realty, Inc.",6798,REXR|REXR-PB|REXR-PC,REXR,False,capital,capital,True,2014-03-20,2026-02-11,,2013-10-30,2021-08-16,0.9336423141242003,0.009944865021500313,,0.005117798898852598
0001571776,Cherry Hill Mortgage Investment Corp,6798,CHMI|CHMI-PB|CHMI-PA,CHMI,True,hipotecario,otro,True,2014-03-26,2026-03-05,,,,0.0,0.7789602499657509,0.7162218972437111,
0001572758,"Cole Office & Industrial REIT (CCIT II), Inc.",6798,,CIK0001572758,False,,,False,2014-03-28,2020-03-30,,2021-03-01,2021-03-01,,,,
0001574085,Braemar Hotels & Resorts Inc.,6798,BHR|BHR-PB|BHR-PD,BHR,True,capital,capital,True,2014-03-31,2026-03-12,,2013-11-25,,0.8330307687517866,0.008598448427225982,,
0001574291,CC Holdings GS V LLC,6798,,CIK0001574291,False,,,False,2014-02-24,2021-02-22,,,2022-03-22,,,,
0001574540,"DOC DR Holdco, LLC",6798,,CIK0001574540,True,capital,capital,True,2014-03-21,2024-02-22,,2024-03-01,2024-03-11,0.9151947838612604,,,0.03141913576142878
0001575311,Brookfield DTLA Fund Office Trust Investor Inc.,6798,,CIK0001575311,True,capital,otro,False,2014-04-08,2023-03-31,,,2023-04-21,0.8698346018042639,,,
0001575428,"Strategic Storage Growth Trust, Inc.",6798,,CIK0001575428,False,,,False,2015-03-27,2018-03-21,,2019-01-24,2019-01-25,,,,
0001575965,"Gaming & Leisure Properties, Inc.",6798,GLPI,GLPI,False,capital,capital,True,2014-03-25,2026-02-19,,,,0.730449973498428,0.0035790694097903026,,0.002136840855976609
0001577134,"Terra Income Fund 6, LLC",6798,,CIK0001577134,False,sin_clasificar,hipotecario,False,2015-12-24,2025-03-14,,,2026-04-01,0.0,0.39233062240642763,,
0001577368,"QTS Realty Trust, Inc.",6798,,CIK0001577368,True,capital,capital,True,2014-03-10,2021-02-26,,2021-08-31,2021-09-13,0.8201072953272027,,,
0001577670,Ladder Capital Corp,6798,LADR,LADR,False,hipotecario,otro,True,2014-03-28,2026-02-09,,,,0.14185158349865218,0.4613949650755759,0.14246989627086962,3.0514546076906273
0001579471,Invitation Homes,6798,,CIK0001579471,True,capital,capital,True,2014-03-28,2017-02-28,,2017-11-20,2017-11-27,0.7391919341514842,0.2149428180334404,,
0001579877,OUTFRONT Media Inc.,6798,OUT,OUT,False,sin_clasificar,capital,True,2015-03-06,2026-02-26,,2014-07-16,,0.1250717435976506,,,
0001580673,"Pacific Oak Strategic Opportunity REIT II, Inc.",6798,,CIK0001580673,True,,,False,2015-03-26,2020-03-26,,2020-10-05,2020-10-06,,,,
0001580988,"Cole Credit Property Trust V, Inc.",6798,,CIK0001580988,False,,,False,2015-03-31,2020-03-30,,2020-12-22,2020-12-22,,,,
0001581068,Brixmor Property Group Inc.,6798,BRX,BRX,True,capital,capital,True,2014-03-12,2026-02-09,,2014-08-22,,0.9368087781768448,,,
0001581164,"Extended Stay America, Inc.",7011,,CIK0001581164,False,capital,otro,True,2014-03-20,2021-02-25,,2021-06-16,2021-06-28,0.8911860396211622,,,
0001581405,"PHILLIPS EDISON GROCERY CENTER REIT II, INC.",6798,,CIK0001581405,False,,,False,2014-03-06,2018-03-27,,2018-11-16,2018-11-16,,,,
0001581874,"Terra Secured Income Fund 5, LLC",6798,,CIK0001581874,False,,,False,2018-03-07,2023-03-13,,,2024-02-08,,,,
0001583077,"Hospitality Investors Trust, Inc.",6798,,CIK0001583077,True,capital,capital,False,2014-04-07,2021-03-30,2021-05-19,2021-07-01,2021-07-01,0.9140442142847994,,,
0001583994,"DOC DR, LLC",6798,,CIK0001583994,True,,,False,2017-02-24,2020-02-27,,,,,,,
0001585101,"HINES GLOBAL INCOME TRUST, INC.",6798,HGIT,HGIT,True,,,False,2015-03-25,2026-03-30,,,,,,,
0001585219,"Steadfast Apartment REIT, Inc.",6798,,CIK0001585219,True,,,False,2014-03-21,2021-03-12,,2021-12-16,2021-12-16,,,,
0001585389,"SmartStop Self Storage REIT, Inc.",6798,SMA,SMA,False,capital,capital,True,2014-03-31,2026-02-27,,,,0.9691807692347809,,,0.01366687835152191
0001589061,"Gyrodyne, LLC",6512,GYRO,GYRO,False,sin_clasificar,otro,True,2016-03-30,2026-03-27,,,,0.0,0.09404462821329398,,
0001590717,"CareTrust REIT, Inc.",6798,CTRE,CTRE,False,capital,capital,True,2015-02-11,2026-02-12,,,2022-05-20,0.925251056048775,0.002012754671526179,,0.00788725390813587
0001590895,"Caesars Entertainment, Inc.",7011,CZR,CZR,False,capital,otro,True,2015-03-16,2026-02-17,,2014-09-19,,0.38894077526581045,,,
0001591330,UNITED DEVELOPMENT FUNDING INCOME FUND V,6798,,CIK0001591330,False,,,False,2015-03-31,2015-03-31,,,,,,,
0001591670,Farmland Partners Inc.,6798,FPI,FPI,False,capital,capital,True,2015-03-03,2026-02-19,,,2021-10-04,0.9502562466255636,,,
0001592745,"Nexpoint Multifamily Capital Trust, Inc.",6798,,CIK0001592745,True,,,False,2016-03-25,2017-03-28,,,2018-04-17,,,,
0001593222,"City Office REIT, Inc.",6798,,CIK0001593222,False,capital,capital,True,2015-03-24,2025-02-20,,2026-01-09,2026-01-21,0.842378071420771,,,
0001594617,La Quinta Holdings Inc.,7011,,CIK0001594617,True,capital,otro,True,2015-02-25,2018-03-01,,2018-05-31,2018-06-11,0.8645154638168127,,,
0001594686,WASHINGTON PRIME GROUP INC.,6798,,CIK0001594686,False,capital,capital,True,2015-02-26,2021-03-16,2021-06-14,2014-05-29,2021-10-21,0.8240405786305319,,,
0001595527,American Strategic Investment Co.,6798,NYC,NYC,False,capital,otro,True,2015-03-31,2026-04-15,,,2021-08-20,0.8326475305990007,0.000618813419055974,,
0001595627,"Inland Residential Properties Trust, Inc.",6798,,CIK0001595627,True,,,False,2015-05-14,2019-03-29,,,2019-10-10,,,,
0001600626,Peakstone Realty Trust,6798,,CIK0001600626,False,capital,capital,True,2015-03-10,2026-02-18,,2026-05-06,2026-05-18,0.8621306366585796,,,
0001603671,"NorthStar/RXR New York Metro Real Estate, Inc.",6798,,CIK0001603671,False,,,False,2016-03-09,2018-03-20,,2018-10-22,2018-10-22,,,,
0001605607,"Paramount Group, Inc.",6798,,CIK0001605607,False,capital,capital,True,2015-03-19,2025-02-27,,2025-12-19,2025-12-29,0.8336399962982836,0.012073871935879589,,
0001609234,"American Realty Capital Healthcare Trust III, Inc.",6798,,CIK0001609234,False,,,False,2015-03-31,2018-03-26,,,2019-03-08,,,,
0001609471,"Watermark Lodging Trust, Inc.",6798,,CIK0001609471,False,capital,capital,False,2016-03-14,2022-03-28,,,2022-10-21,0.8353711166192728,,,
0001609865,"American Realty Capital Global Trust II, Inc.",6798,,CIK0001609865,False,,,False,2015-04-01,2016-03-22,,2016-12-22,2016-12-22,,,,
0001609866,"American Realty Capital - Retail Centers of America II, Inc.",6798,,CIK0001609866,False,,,False,2015-03-31,2015-03-31,,,2015-10-09,,,,
0001610074,"GLP Financing II, Inc.",6798,,CIK0001610074,False,,,False,2015-02-27,2015-02-27,,,,,,,
0001610114,New Senior Investment Group Inc.,6798,,CIK0001610114,False,capital,capital,True,2015-02-26,2021-02-25,,2021-09-21,2021-10-01,0.9051939095476247,,,
0001611547,Urban Edge Properties,6500,UE,UE,False,capital,capital,True,2015-03-23,2026-02-11,,2015-01-21,,0.8232651786215999,,,
0001614502,"Resource Income Opportunity REIT, Inc.",6798,,CIK0001614502,True,,,False,2016-03-04,2018-03-29,,,2018-05-10,,,,
0001614806,Rithm Property Trust Inc.,6798,RPT|RPT-PC,RPT,True,sin_clasificar,otro,True,2015-03-26,2026-02-18,,,2024-04-30,0.0,0.10303024366032536,,
0001614976,"Cole Office & Industrial REIT (CCIT III), Inc.",6798,,CIK0001614976,True,,,False,2017-03-28,2020-03-30,,2020-12-22,2020-12-22,,,,
0001615222,"Moody National REIT II, Inc.",6798,,CIK0001615222,True,capital,capital,False,2016-03-30,2025-03-31,,,2026-03-30,0.9175492052974409,,,0.001309509442722572
0001616000,"Xenia Hotels & Resorts, Inc.",7011,XHR,XHR,False,capital,capital,True,2015-03-27,2026-02-24,,,,0.8654787688708652,,,
0001616093,Wells Fargo Real Estate Investment Corp.,6798,,CIK0001616093,False,,,False,2015-03-05,2019-03-01,,,2019-12-13,,,,
0001616314,"MedEquities Realty Trust, Inc.",6798,,CIK0001616314,True,capital,capital,True,2017-02-27,2019-02-25,,2019-05-17,2019-05-28,0.8800792376406441,,,
0001617406,Park Hotels & Resorts Inc.,7011,PK,PK,False,capital,capital,True,2017-03-02,2026-02-20,,2017-01-04,,0.8555692814494544,,,
0001618563,National Storage Affiliates Trust,6798,,CIK0001618563,True,capital,capital,True,2016-03-10,2026-02-26,,2026-07-22,2026-08-03,0.9176638334578017,,,
0001619312,"Lightstone Value Plus REIT IV, Inc.",6798,LTSV,LTSV,False,,,False,2016-03-15,2026-03-30,,,,,,,
0001620280,Uniti Group LLC,6798,,CIK0001620280,True,capital,capital,True,2016-03-07,2025-02-21,,2025-08-01,2025-08-04,0.6902926036968389,,,
0001620393,"NexPoint Residential Trust, Inc.",6798,NXRT,NXRT,False,capital,capital,True,2016-03-21,2026-02-26,,,,0.9222363639945865,,,
0001622194,"Easterly Government Properties, Inc.",6798,DEA,DEA,True,capital,capital,True,2015-03-30,2026-02-23,,2025-05-19,,0.843329918011082,0.10664930456884725,,
0001622353,"Jernigan Capital, Inc.",6798,,CIK0001622353,True,hipotecario,hipotecario,True,2016-04-05,2020-02-27,,2020-11-06,2020-11-17,0.05183694868832253,0.6442232313251628,,
0001625941,ARES INDUSTRIAL REAL ESTATE INCOME TRUST Inc.,6798,,CIK0001625941,True,,,False,2017-03-15,2026-03-06,,,,,,,
0001628063,Seritage Growth Properties,6500,SRG-PA|SRG,SRG-PA,True,capital,capital,True,2016-03-11,2026-03-31,,,,0.5936812239985403,,,
0001630472,"TPG RE Finance Trust, Inc.",6798,TRTX|TRTX-PC,TRTX,False,hipotecario,otro,True,2018-02-26,2026-02-17,,,,0.0,0.8908385883356967,0.22661564881088797,9.700797048926619
0001631256,"KBS Growth & Income REIT, Inc.",6798,,CIK0001631256,True,,,False,2017-03-09,2024-03-28,,,2024-08-09,,,,
0001631569,Community Healthcare Trust Inc,6798,CHCT,CHCT,False,capital,capital,True,2016-02-26,2026-02-17,,,,0.9136906850097748,,,0.033423590881574615
0001631596,KKR Real Estate Finance Trust Inc.,6798,KREF|KREF-PA,KREF,False,hipotecario,otro,True,2018-02-28,2026-02-03,,,,0.0,0.6638903678210386,,49.188584831899924
0001632970,"American Healthcare REIT, Inc.",6798,AHR,AHR,True,capital,capital,True,2016-03-07,2026-02-27,,,,0.7746431487970199,0.01845368968983073,,
0001639947,"Care Capital Properties, Inc.",6798,,CIK0001639947,True,capital,capital,True,2016-03-10,2017-03-01,,2017-08-17,2017-08-28,0.8945517921344204,0.010060004013578485,,
0001640967,Rise Companies Corp,6798,,CIK0001640967,True,,,False,2026-03-23,2026-03-23,,,,,,,
0001642223,"QMC Systems, Inc.",6798,,CIK0001642223,True,,,False,2017-12-13,2018-05-25,,,,,,,
0001642985,Mobile Infrastructure Corp,6798,,CIK0001642985,True,capital,capital,False,2016-03-29,2023-03-22,,2021-08-31,2023-08-25,0.9461637936871183,,,
0001645873,"MODIV INDUSTRIAL, INC.",6798,,CIK0001645873,False,capital,capital,True,2017-04-03,2026-03-25,,2026-08-12,2026-08-24,0.8723748680882301,,,
0001646587,NorthStar Realty Europe Corp.,6798,,CIK0001646587,True,capital,capital,True,2016-03-30,2019-03-13,,2019-10-01,2019-10-10,0.8004543273260738,0.01933475357436605,,0.016207922304234366
0001647509,"Forest City Realty Trust, Inc.",6798,,CIK0001647509,False,capital,capital,True,2016-02-23,2018-02-22,,2018-12-07,2018-12-21,0.7497047915255484,,,
0001648383,"CNL Healthcare Properties II, Inc.",6798,,CIK0001648383,False,capital,capital,False,2017-02-15,2019-03-20,,,2020-03-27,0.5664692376510544,,,
0001649096,Clipper Realty Inc.,6798,CLPR,CLPR,False,capital,capital,True,2017-03-31,2026-02-26,,,,0.9324272052240292,,,
0001650132,"Four Corners Property Trust, Inc.",6798,FCPT,FCPT,False,capital,capital,True,2016-03-22,2026-02-12,,,,0.9039607027647651,,,
0001651286,"Steadfast Apartment REIT III, Inc.",6798,,CIK0001651286,False,,,False,2017-03-16,2019-03-15,,2020-03-06,2020-03-10,,,,
0001651721,"GENERATION INCOME PROPERTIES, INC.",6798,GIPR,GIPR,False,capital,capital,True,2022-03-18,2026-04-01,,,2026-09-04,0.8434549347597906,,,
0001652926,"Resource Apartment REIT III, Inc.",6798,,CIK0001652926,False,,,False,2017-03-29,2020-03-20,,2021-01-29,2021-02-08,,,,
0001654595,"Medalist Diversified, Inc.",6798,MDRR,MDRR,False,capital,otro,True,2019-03-11,2026-03-02,,,2025-01-21,0.8578696322824898,,,
0001654948,"Hartman vREIT XXI, Inc.",6798,,CIK0001654948,False,,,False,2017-03-31,2025-08-22,,,,,,,
0001656936,MGM Growth Properties LLC,6798,,CIK0001656936,False,capital,capital,True,2017-03-06,2022-02-16,,2022-04-29,2022-05-09,0.9111662767877209,0.04784399620161908,,
0001661458,"Highlands REIT, Inc.",6798,,CIK0001661458,False,,,False,2017-03-27,2026-03-11,,,,,,,
0001662972,"Blackstone Real Estate Income Trust, Inc.",6798,BSTT,BSTT,False,capital,capital,True,2017-03-22,2026-02-27,,,,0.7180707064664676,0.104684756646552,,
0001664740,MBC FUNDING II CORP.,6798,,CIK0001664740,False,,,False,2017-03-15,2025-03-12,,,2025-12-23,,,,
0001664780,"RODIN INCOME TRUST, INC.",6798,,CIK0001664780,True,,,False,2019-03-29,2022-03-30,,,2022-12-22,,,,
0001666244,"Cantor Fitzgerald Income Trust, Inc.",6798,CFTR-PA,CFTR-PA,False,capital,capital,False,2018-03-30,2026-03-24,,,,0.8094335824326045,0.002243056456442155,,
0001666291,"Claros Mortgage Trust, Inc.",6500,CMTG,CMTG,False,hipotecario,hipotecario,True,2022-03-16,2026-02-18,,,,0.0,0.8621568170263706,,1.899547053548847
0001672754,Rich Uncles Real Estate Investment Trust I,6798,,CIK0001672754,True,,,False,2017-07-14,2019-03-27,,,2019-12-31,,,,
0001674356,"Terra Property Trust, Inc.",6798,TPTS,TPTS,True,,,False,2020-03-02,2026-03-19,,,2026-06-30,,,,
0001677203,"QUALITY CARE PROPERTIES, INC.",6798,,CIK0001677203,False,capital,capital,True,2017-03-31,2018-03-08,,2018-07-27,2018-08-06,0.8996821434033416,,,
0001677576,INNOVATIVE INDUSTRIAL PROPERTIES INC,6500,IIPR|IIPR-PA,IIPR,True,capital,capital,True,2017-03-23,2026-02-24,,,,0.7733426142519428,0.006195906940509507,,
0001677761,"Parkway, Inc.",6798,,CIK0001677761,False,capital,capital,True,2017-03-15,2017-03-15,,2017-10-17,2017-10-23,0.34474925845521615,,,
0001679688,"DigitalBridge Group, Inc.",6282,DBRG|DBRG-PH|DBRG-PI|DBRG-PJ,DBRG,True,capital,otro,True,2017-02-28,2026-02-26,,2026-09-30,2026-09-30,0.4567121673957958,0.013858703410784544,,
0001680232,"Strategic Storage Trust IV, Inc.",6798,,CIK0001680232,True,,,False,2018-03-16,2020-03-20,,2021-03-17,2021-03-26,,,,
0001682220,Sachem Capital Corp.,6798,SACH|SACH-PA|SCCD|SCCE|SCCF|SCCG,SACH,True,hipotecario,otro,True,2017-04-07,2026-03-13,,,2025-09-30,0.03395626864198282,0.78177393502596,,0.7650132284731038
0001687229,Invitation Homes Inc.,6510,INVH,INVH,False,capital,capital,True,2017-03-30,2026-02-19,,2017-04-28,,0.9207843523193848,0.010808157949731532,,
0001688016,"Phillips Edison Grocery Center REIT III, Inc.",6798,,CIK0001688016,True,,,False,2019-03-15,2019-03-15,,2019-10-31,2019-11-01,,,,
0001688852,Safehold Inc. /MD,6519,,CIK0001688852,True,sin_clasificar,capital,True,2018-02-20,2023-02-15,,2023-03-31,2023-04-10,0.23599658417281072,,,
0001689796,JBG SMITH Properties,6798,JBGS,JBGS,False,capital,capital,True,2018-03-12,2026-02-17,,2017-07-21,,0.8059778849859436,,,
0001690012,"InPoint Commercial Real Estate Income, Inc.",6798,ICR-PA|ICRL|ICRP,ICR-PA,False,hipotecario,hipotecario,False,2018-03-14,2026-03-13,,,,0.014185264361120423,0.2218950482321645,0.2757714001420504,1.5152300133988388
0001690536,"FS Credit Real Estate Income Trust, Inc.",6798,,CIK0001690536,False,,,False,2018-03-22,2026-03-13,,,,,,,
0001692345,"PROCACCIANTI HOTEL REIT, INC.",6798,PRXA,PRXA,False,,,False,2019-03-25,2026-03-23,,,,,,,
0001692951,"Cottonwood Communities, Inc.",6798,,CIK0001692951,False,,,False,2019-03-29,2026-03-30,,,,,,,
0001698538,"Strategic Student & Senior Housing Trust, Inc.",6798,STSR,STSR,False,,,False,2019-04-01,2026-03-20,,,,,,,
0001703644,Granite Point Mortgage Trust Inc.,6798,GPMT|GPMT-PA,GPMT,True,hipotecario,otro,True,2018-03-16,2026-03-02,,,,0.0,0.9191596820890151,,18.63148479427549
0001705696,VICI PROPERTIES INC.,6798,VICI,VICI,True,sin_clasificar,capital,True,2018-03-28,2026-02-25,,,,0.003136561941199433,0.029342349752734507,,0.4105261270127754
0001707178,CorePoint Lodging Inc.,6798,,CIK0001707178,True,capital,capital,True,2019-03-22,2021-03-12,,2022-03-03,2022-03-14,0.888788785805535,,,
0001708405,Tremont Mortgage Trust,6798,,CIK0001708405,False,hipotecario,hipotecario,True,2018-02-22,2021-02-22,,2021-10-04,2021-10-04,0.0,0.8753967682868636,,
0001711799,"Nuveen Global Cities REIT, Inc.",6798,,CIK0001711799,False,capital,capital,False,2018-03-29,2026-03-20,,,,0.6702847195027141,0.04829817833173538,,
0001711929,"Starwood Real Estate Income Trust, Inc.",6798,SWDR|SWDS,SWDR,True,,,False,2018-03-30,2026-03-20,,,,,,,
0001713407,BROOKFIELD REAL ESTATE INCOME TRUST INC.,6798,,CIK0001713407,True,hipotecario,hipotecario,False,2019-03-22,2026-03-17,,,,0.0,0.007402092469889182,,1.0
0001715629,"Rangers Sub I, LLC",6798,,CIK0001715629,False,,,False,2018-03-02,2021-02-26,,,2021-09-28,,,,
0001717307,Industrial Logistics Properties Trust,6798,ILPT,ILPT,False,capital,capital,True,2018-03-28,2026-02-18,,,,0.8705041641763387,,,
0001717547,"BrightSpire Capital, Inc.",6798,BRSP,BRSP,True,hipotecario,hipotecario,True,2018-03-23,2026-02-18,,,,0.1821888335959262,0.6332938640197476,,0.6178281569160242
0001722992,SMTA Liquidating Trust,6798,,CIK0001722992,False,capital,capital,True,2019-03-22,2021-03-26,,,2020-01-03,0.8523923851541829,0.020676473391989476,,0.008876347668650187
0001728951,"ESSENTIAL PROPERTIES REALTY TRUST, INC.",6798,EPRT,EPRT,True,capital,capital,True,2019-02-28,2026-02-11,,,,1.0180493416091263,0.0567018770227065,,
0001735184,Retail Value Inc.,6500,,CIK0001735184,True,capital,capital,True,2019-03-05,2023-02-24,,2018-07-02,2022-03-28,0.8379447119369352,,,
0001745032,"Lodging Fund REIT III, Inc.",6798,,CIK0001745032,True,,,False,2020-03-25,2026-05-15,,,,,,,
0001745916,"PennyMac Financial Services, Inc.",6162,PFSI,PFSI,False,hipotecario,otro,True,2019-03-05,2026-02-20,,,,0.0007103442878527099,,,31.50923076923077
0001755755,"VINEBROOK HOMES TRUST, INC.",6798,,CIK0001755755,True,capital,capital,False,2022-02-23,2026-03-11,,,,0.9226489044004638,,,
0001756761,Invesco Real Estate Income Trust Inc.,6798,,CIK0001756761,True,capital,capital,False,2022-03-28,2026-03-26,,,,0.6909206278862472,0.02769469305097109,,0.04472727821090887
0001759774,"Postal Realty Trust, Inc.",6798,PSTL,PSTL,False,capital,capital,True,2020-03-27,2026-02-24,,,,0.9028969105966218,,,
0001766478,"Angel Oak Mortgage REIT, Inc.",6500,AOMR|AOMD|AOMN,AOMR,False,sin_clasificar,hipotecario,True,2022-03-28,2026-03-03,,,,0.0,0.13227909976742128,0.06870482487679147,
0001771514,ExchangeRight Income Fund,6798,,CIK0001771514,False,,,False,2024-04-11,2026-02-26,,,,,,,
0001782430,"Strawberry Fields REIT, Inc.",6798,STRW,STRW,False,capital,capital,True,2023-03-27,2026-03-19,,,,0.7965094279626503,,,
0001784797,Broadmark Realty Capital Inc.,6798,,CIK0001784797,False,hipotecario,hipotecario,True,2020-03-16,2023-03-01,,2023-05-31,2023-06-16,0.039861643772876404,0.7151535463969585,,
0001786117,"Alpine Income Property Trust, Inc.",6798,PINE|PINE-PA,PINE,False,capital,capital,True,2020-02-21,2026-02-05,,,,0.7880097527642074,0.14948375262959726,,
0001786248,"NexPoint Real Estate Finance, Inc.",6798,NREF|NREF-PA,NREF,True,sin_clasificar,otro,True,2021-02-25,2026-03-31,,,,0.008106583309685448,0.034300226609192304,0.042225722582189845,
0001798100,NETSTREIT Corp.,6798,NTST,NTST,True,capital,capital,True,2021-03-04,2026-02-10,,,,0.7995399246831238,0.056696583838336666,,
0001807046,"Belpointe PREP, LLC",6500,OZ,OZ,False,capital,capital,True,2022-03-11,2026-03-20,,,,0.8868712853721281,,,
0001820877,Apartment Income REIT Corp.,6798,,CIK0001820877,False,capital,capital,True,2021-03-15,2024-02-16,,2024-07-01,2024-07-08,0.8048057896918391,0.014859365654038274,,
0001822523,Advanced Flower Capital Inc.,0000,AFCG,AFCG,False,sin_clasificar,hipotecario,True,2022-03-10,2026-03-04,,,,0.0,0.37015546718762793,,
0001823945,BLUE OWL CAPITAL INC.,6282,OWL,OWL,True,sin_clasificar,otro,True,2021-02-24,2026-02-19,,2021-05-21,2022-08-19,0.011668005963595086,0.017060471637875795,,
0001847874,Mobile Infrastructure Corp,6500,BEEP,BEEP,False,capital,capital,True,2022-03-30,2026-03-05,,2023-08-31,2025-05-22,0.9441537476603575,,,
0001852575,"Strategic Storage Trust VI, Inc.",6798,SGST,SGST,False,,,False,2023-03-22,2026-03-24,,,,,,,
0001854964,"NewLake Capital Partners, Inc.",6798,NLCP,NLCP,False,capital,capital,True,2022-03-18,2026-03-06,,,,0.8686214330725872,0.01159913867315099,,0.010968256152323674
0001867949,"Chicago Atlantic Real Estate Finance, Inc.",6798,REFI,REFI,True,hipotecario,otro,True,2022-04-14,2026-03-12,,,,0.0,0.9488233843231384,,1.0685649702520272
0001868159,"Lineage, Inc.",6798,LINE,LINE,True,capital,capital,True,2025-02-26,2026-02-25,,,,0.5759077365497445,,,
0001868516,"StratCap Digital Infrastructure REIT, Inc.",6798,,CIK0001868516,False,,,False,2025-05-09,2026-03-31,,,,,,,
0001873923,Orion Properties Inc.,6798,ONL,ONL,False,capital,capital,True,2022-03-24,2026-03-05,,2021-11-15,,0.8093939980100453,0.002562283031225523,,
0001876255,"AB Commercial Real Estate Private Debt Fund, LLC",6798,,CIK0001876255,False,,,False,2022-03-30,2026-03-24,,,,,,,
0001877561,"NRI Real Estate Investment & Technology, Inc.",6798,,CIK0001877561,False,,,False,2023-07-05,2023-07-05,,,2023-11-09,,,,
0001880661,TPG Inc.,6282,TPG|TPGXL,TPG,False,sin_clasificar,otro,True,2022-03-29,2026-02-17,,,,0.0,,,0.007228685787945586
0001882850,"Apollo Realty Income Solutions, Inc.",6798,,CIK0001882850,False,sin_clasificar,capital,False,2023-03-10,2026-03-10,,,,0.21507677385250318,,,
0001893262,"J.P. Morgan Real Estate Income Trust, Inc.",6798,,CIK0001893262,False,,,False,2023-03-29,2026-03-16,,,,,,,
0001903382,"Bluerock Homes Trust, Inc.",6798,BHM,BHM,True,sin_clasificar,capital,True,2023-03-22,2026-02-27,,,,0.0,0.03969653468137073,,0.025701839923509526
0001914496,"Sculptor Diversified Real Estate Income Trust, Inc.",6798,,CIK0001914496,True,,,False,2024-04-01,2026-03-31,,,,,,,
0001939433,"Cohen & Steers Income Opportunities REIT, Inc.",6798,,CIK0001939433,False,,otro,False,2024-03-14,2026-03-17,,,,,,,
0001942722,"BGO Industrial Real Estate Income Trust, Inc.",6798,,CIK0001942722,False,,,False,2024-03-21,2026-03-20,,,2026-05-13,,,,
0001944366,Blue Owl Real Estate Net Lease Trust,6500,,CIK0001944366,True,,otro,False,2024-03-18,2026-03-13,,,,,,,
0001946997,"EQT Exeter Real Estate Income Trust, Inc.",6798,,CIK0001946997,False,,,False,2024-03-29,2026-03-20,,,,,,,
0001952976,Net Lease Office Properties,6798,NLOP,NLOP,False,capital,capital,True,2024-03-06,2026-02-25,,2023-11-02,,1.225459600436166,,,
0001953366,Star Holdings,6519,STHO,STHO,True,sin_clasificar,otro,True,2024-02-27,2026-02-17,,2023-03-31,,0.12000224753373308,,,
0001959472,"Kimco Realty OP, LLC",6798,,CIK0001959472,False,,,False,2023-02-24,2026-02-20,,2023-01-04,,,,,
0001959961,"IPC Alternative Real Estate Income Trust, Inc.",6798,,CIK0001959961,False,,,False,2024-03-20,2026-03-18,,,,,,,
0001966394,Fortress Net Lease REIT,6798,,CIK0001966394,False,capital,capital,False,2025-03-28,2026-03-26,,,,0.7827076468741939,,,
0001971381,Apollo Infrastructure Co LLC,4900,,CIK0001971381,False,,,False,2024-04-01,2026-03-31,,,,,,,
0001976927,"Invesco Commercial Real Estate Finance Trust, Inc.",6798,,CIK0001976927,True,sin_clasificar,hipotecario,False,2024-03-29,2026-03-26,,,,0.0,,,
0001981792,Howard Hughes Holdings Inc.,6798,HHH,HHH,True,capital,otro,True,2024-02-27,2026-02-19,,,,0.751344716820341,0.0077492876669157966,,
0001986395,Starwood Credit Real Estate Income Trust,6798,,CIK0001986395,True,,,False,2024-03-29,2026-03-23,,,,,,,
0001988494,"FrontView REIT, Inc.",6798,FVR,FVR,False,capital,capital,True,2025-03-20,2026-02-25,,,,0.8242772785386447,0.01186523302765795,,0.00808028150658152
0001999784,North Haven Net REIT,6798,,CIK0001999784,False,,,False,2025-02-24,2026-03-05,,,,,,,
0002000597,Apollo Asset Backed Credit Co LLC,6199,,CIK0002000597,False,,,False,2024-03-28,2026-03-27,,,,,,,
0002003881,"Stirling Hotels & Resorts, Inc.",6798,,CIK0002003881,False,sin_clasificar,capital,False,2024-03-29,2025-03-27,,,2025-09-02,0.0,,,
0002012706,"Sunrise Realty Trust, Inc.",6798,SUNS,SUNS,False,sin_clasificar,otro,True,2025-03-06,2026-03-12,,2024-07-09,,0.0,,,
0002017206,"Millrose Properties, Inc.",6500,MRP,MRP,False,sin_clasificar,capital,True,2025-03-31,2026-03-02,,2025-02-07,,0.0,,,
0002020795,Uniti Group Inc.,4813,UNIT,UNIT,False,sin_clasificar,capital,True,2025-03-24,2026-03-02,,,,0.0,,,
0002026448,Principal Credit Real Estate Income Trust,6798,,CIK0002026448,False,,,False,2025-03-26,2026-03-26,,,,,,,
0002026738,FORTRESS CREDIT REALTY INCOME TRUST,6798,,CIK0002026738,False,sin_clasificar,hipotecario,False,2025-03-28,2026-03-24,,,,0.12194927148713604,,,
0002027317,Curbline Properties Corp.,6500,CURB,CURB,False,capital,capital,True,2025-02-21,2026-02-10,,2024-10-01,,0.775299738391797,,,
0002027537,Goldman Sachs Real Estate Finance Trust Inc,6798,,CIK0002027537,False,sin_clasificar,hipotecario,False,2025-02-13,2026-02-25,,,,0.0,0.016464593104618428,,
0002033695,New Mountain Net Lease Trust,6798,,CIK0002033695,False,,,False,2025-03-28,2026-03-31,,,,,,,
0002035428,"Franklin BSP Real Estate Debt, Inc.",6798,,CIK0002035428,False,,,False,2025-03-31,2026-03-12,,,,,,,
0002047497,Rithm Acquisition Corp.,6770,RAC|RAC-UN|RAC-WT,RAC,True,sin_clasificar,otro,True,2025-12-19,2025-12-19,,,,0.0,,,
0002049595,BlackRock Monticello Debt Real Estate Investment Trust,6798,,CIK0002049595,False,,,False,2026-03-26,2026-03-26,,,,,,,
0002066337,"CNL Strategic Residential Credit, Inc.",6798,,CIK0002066337,True,hipotecario,hipotecario,False,2026-03-30,2026-03-30,,,,0.0,,0.4586976983070531,
0002069692,Blue Owl Digital Infrastructure Trust,6798,,CIK0002069692,True,,otro,False,2026-03-11,2026-03-11,,,2025-08-28,,,,
0002071778,Fermi Inc.,6798,FRMI,FRMI,False,capital,capital,True,2026-03-30,2026-03-30,,,,0.7333948243228434,,,
0002073537,PIMCO Asset-Based Lending Co LLC,6282,,CIK0002073537,False,,,False,2026-03-31,2026-03-31,,,2026-06-29,,,,
0002073653,FBRED-C Feeder REIT Trust,6798,,CIK0002073653,True,,,False,2026-03-16,2026-03-16,,,,,,,
0002081628,Rithm Perpetual Life Residential Trust,6798,,CIK0002081628,False,,,False,2026-03-06,2026-03-06,,,,,,,
0002085428,Nuveen Farmland REIT,6798,,CIK0002085428,False,,,False,2026-03-26,2026-03-26,,,,,,,
