fecha,cierre,fuente,url,cita
1998-03-31,20.125,"10-K405 FY1998 Item 5, columna 'Close' (cierre del trimestre; fecha = ultimo dia habil del trimestre, inferida)",https://www.sec.gov/Archives/edgar/data/1025378/0000950123-99-002755.txt,First Quarter                     $22.3750          $20.1250           $20.1250
1998-06-30,19.75,"10-K405 FY1998 Item 5, columna 'Close' (cierre del trimestre; fecha = ultimo dia habil del trimestre, inferida)",https://www.sec.gov/Archives/edgar/data/1025378/0000950123-99-002755.txt,Second Quarter                     22.2500           19.7500            19.7500
1998-09-30,19.875,"10-K405 FY1998 Item 5, columna 'Close' (cierre del trimestre; fecha = ultimo dia habil del trimestre, inferida). CONFLICTO: el 10-K405 FY1999 muestra 19.75 para el mismo trimestre",https://www.sec.gov/Archives/edgar/data/1025378/0000950123-99-002755.txt,Third Quarter                      20.9375           18.5000            19.8750
1998-12-31,19.6875,"10-K405 FY1998 Item 5, columna 'Close' (cierre del trimestre; fecha = ultimo dia habil del trimestre, inferida)",https://www.sec.gov/Archives/edgar/data/1025378/0000950123-99-002755.txt,Fourth Quarter                     21.3125           18.1875            19.6875
1999-03-31,17.69,"10-K405 FY1999 Item 5, columna 'Close'. ADVERTENCIA: tabla 1999 internamente dudosa (maximo Q1-1999 17.88 < cierre dic-1998 19.69; maximo Q4-1999 17.19 < cierre Q3 20.00); repetida igual en 10-K405 FY2000 e informe 2001",https://www.sec.gov/Archives/edgar/data/1025378/0000950123-00-003491.txt,First Quarter                     $17.88            $17.44             $17.69
1999-06-30,17.25,"10-K405 FY1999 Item 5, columna 'Close'. ADVERTENCIA: tabla 1999 internamente dudosa (maximo Q1-1999 17.88 < cierre dic-1998 19.69; maximo Q4-1999 17.19 < cierre Q3 20.00); repetida igual en 10-K405 FY2000 e informe 2001",https://www.sec.gov/Archives/edgar/data/1025378/0000950123-00-003491.txt,Second Quarter                     17.38             17.06              17.25
1999-09-30,20.0,"10-K405 FY1999 Item 5, columna 'Close'. ADVERTENCIA: tabla 1999 internamente dudosa (maximo Q1-1999 17.88 < cierre dic-1998 19.69; maximo Q4-1999 17.19 < cierre Q3 20.00); repetida igual en 10-K405 FY2000 e informe 2001",https://www.sec.gov/Archives/edgar/data/1025378/0000950123-00-003491.txt,Third Quarter                      20.00             17.38              20.00
1999-12-31,16.88,"10-K405 FY1999 Item 5, columna 'Close'. ADVERTENCIA: tabla 1999 internamente dudosa (maximo Q1-1999 17.88 < cierre dic-1998 19.69; maximo Q4-1999 17.19 < cierre Q3 20.00); repetida igual en 10-K405 FY2000 e informe 2001",https://www.sec.gov/Archives/edgar/data/1025378/0000950123-00-003491.txt,Fourth Quarter                     17.19             16.63              16.88
2000-03-31,15.45,"10-K405 FY2000 Item 5, columna 'Close' (fecha = ultimo dia habil del trimestre). CONFLICTO: el proxy DEFM14A (2000-05-17) da 16.625 como cierre del 31-mar-2000 (fecha de registro)",https://www.sec.gov/Archives/edgar/data/1025378/000095012301002868/y47104e10-k405.txt,First Quarter                $16.03             $14.39             $15.45
2000-03-31,16.625,DEFM14A Carey Diversified 2000-05-17: cierre NYSE en la fecha de registro (31-mar-2000). CONFLICTO con 15.45 del 10-K405 FY2000,https://www.sec.gov/Archives/edgar/data/1025378/000095012300005217/0000950123-00-005217.txt,"Assuming a price of $16.625 per share (the closing price per share of Carey Diversified on the New York Stock Exchange on the record date) ... You are entitled to vote on the merger if you owned shares as of the close of business on March 31, 2000, the record date."
2000-06-30,15.6,"10-K405 FY2000 Item 5, columna 'Close' (fecha = ultimo dia habil del trimestre)",https://www.sec.gov/Archives/edgar/data/1025378/000095012301002868/y47104e10-k405.txt,Second Quarter                17.02              15.51              15.60
2000-09-29,17.15,"10-K405 FY2000 Item 5, columna 'Close' (fecha = ultimo dia habil del trimestre)",https://www.sec.gov/Archives/edgar/data/1025378/000095012301002868/y47104e10-k405.txt,Third Quarter                 17.15              15.90              17.15
2000-12-29,18.1,"10-K405 FY2000 Item 5, columna 'Close' (fecha = ultimo dia habil del trimestre); carta del informe 2001: 'its price of $18.10 at year-end 2000'",https://www.sec.gov/Archives/edgar/data/1025378/000095012301002868/y47104e10-k405.txt,Fourth Quarter                18.10              16.11              18.10
2001-03-30,19.35,"Informe anual 2001 (Apendice del 10-K405 FY2001), tabla 'high, low and closing prices', columna Close; repetida en informes 2002 y 2003",https://www.annualreports.co.uk/HostedData/AnnualReportArchive/w/NYSE_WPC_2001.pdf,First Quarter $ 20.60 $18.26 $19.35
2001-06-29,18.5,"Informe anual 2001 (Apendice del 10-K405 FY2001), tabla 'high, low and closing prices', columna Close; repetida en informes 2002 y 2003",https://www.annualreports.co.uk/HostedData/AnnualReportArchive/w/NYSE_WPC_2001.pdf,Second Quarter 21.80 18.50 18.50
2001-09-28,21.35,"Informe anual 2001 (Apendice del 10-K405 FY2001), tabla 'high, low and closing prices', columna Close; repetida en informes 2002 y 2003",https://www.annualreports.co.uk/HostedData/AnnualReportArchive/w/NYSE_WPC_2001.pdf,Third Quarter 22.05 19.25 21.35
2001-12-31,23.2,"Informe anual 2001 (Apendice del 10-K405 FY2001), tabla 'high, low and closing prices', columna Close; repetida en informes 2002 y 2003; carta: 'ending the year at $23.20'",https://www.annualreports.co.uk/HostedData/AnnualReportArchive/w/NYSE_WPC_2001.pdf,Fourth Quarter 23.80 20.00 23.20
2002-03-28,23.24,"Informe anual 2002 (Apendice A del 10-K FY2002), columna CLOSE; repetida en informe 2003 (29-mar-2002 fue Viernes Santo, NYSE cerrado)",https://www.annualreports.co.uk/HostedData/AnnualReportArchive/w/NYSE_WPC_2002.pdf,First Quarter $24.40 $22.78 $23.24
2002-06-28,22.5,"Informe anual 2002 (Apendice A del 10-K FY2002), columna CLOSE; repetida en informe 2003",https://www.annualreports.co.uk/HostedData/AnnualReportArchive/w/NYSE_WPC_2002.pdf,Second Quarter 24.15 22.30 22.50
2002-09-30,24.8,"Informe anual 2002 (Apendice A del 10-K FY2002), columna CLOSE; repetida en informe 2003",https://www.annualreports.co.uk/HostedData/AnnualReportArchive/w/NYSE_WPC_2002.pdf,Third Quarter 25.90 21.28 24.80
2002-12-31,24.75,"Informe anual 2002 (Apendice A del 10-K FY2002), columna CLOSE; repetida en informe 2003; carta: 'share price at year-end 2002 was $24.75'",https://www.annualreports.co.uk/HostedData/AnnualReportArchive/w/NYSE_WPC_2002.pdf,Fourth Quarter 25.40 22.95 24.75
2003-03-31,25.0,"Informe anual 2003 (Apendice del 10-K FY2003), columna Close; repetida en informe 2004",https://www.annualreports.co.uk/HostedData/AnnualReportArchive/w/NYSE_WPC_2003.pdf,First Quarter $25.35 $24.15 $25.00
2003-06-30,29.94,"Informe anual 2003 (Apendice del 10-K FY2003), columna Close; repetida en informe 2004",https://www.annualreports.co.uk/HostedData/AnnualReportArchive/w/NYSE_WPC_2003.pdf,Second Quarter 30.50 24.81 29.94
2003-09-30,31.75,"Informe anual 2003 (Apendice del 10-K FY2003), columna Close; repetida en informe 2004",https://www.annualreports.co.uk/HostedData/AnnualReportArchive/w/NYSE_WPC_2003.pdf,Third Quarter 33.70 27.13 31.75
2003-12-31,30.52,"Informe anual 2003 (Apendice del 10-K FY2003), columna Close; repetida en informe 2004",https://www.annualreports.co.uk/HostedData/AnnualReportArchive/w/NYSE_WPC_2003.pdf,Fourth Quarter 33.14 29.10 30.52
2004-03-31,30.95,"Informe anual 2004 (Apendice del 10-K FY2004), columna Close",https://www.annualreports.co.uk/HostedData/AnnualReportArchive/w/NYSE_WPC_2004.pdf,First Quarter $30.99 $29.01 $30.95
2004-06-30,29.78,"Informe anual 2004 (Apendice del 10-K FY2004), columna Close",https://www.annualreports.co.uk/HostedData/AnnualReportArchive/w/NYSE_WPC_2004.pdf,Second Quarter 30.99 25.22 29.78
2004-09-30,29.86,"Informe anual 2004 (Apendice del 10-K FY2004), columna Close",https://www.annualreports.co.uk/HostedData/AnnualReportArchive/w/NYSE_WPC_2004.pdf,Third Quarter 31.00 29.00 29.86
2004-12-31,35.16,"Informe anual 2004 (Apendice del 10-K FY2004), columna Close",https://www.annualreports.co.uk/HostedData/AnnualReportArchive/w/NYSE_WPC_2004.pdf,Fourth Quarter 35.98 29.76 35.16
2005-12-30,25.36,"DEF 14A 2006-05-01, nota a tabla de opciones (23,000 acciones x 25.36 = 583,280)",https://www.sec.gov/Archives/edgar/data/1025378/000095012306005514/y19969dpdef14a.htm,"The total number of unvested restricted shares held by Mr. Zacharias at December 31, 2005 was 23,000, with a value of $583,280 based on the closing price of $25.36 for the Company's stock on December 30, 2005."
2012-03-30,46.52,"Suplemento FY2012, 'Stock Price at end of Period' 1T-2012; fecha = último día hábil del trimestre (el documento solo dice fin de periodo/trimestre)",https://www.sec.gov/Archives/edgar/data/1025378/000110465913014159/a13-5870_1ex99d1.htm,"""Stock Price at end of Period"" First Quarter 2012: $46.52"
2012-06-29,46.03,"Suplemento FY2012, 'Stock Price at end of Period' 2T-2012; fecha = último día hábil del trimestre (el documento solo dice fin de periodo/trimestre)",https://www.sec.gov/Archives/edgar/data/1025378/000110465913014159/a13-5870_1ex99d1.htm,"""Stock Price at end of Period"" Second Quarter 2012: $46.03"
2012-09-28,49.0,"Suplemento FY2012, 'Stock Price at end of Period' 3T-2012; fecha = último día hábil del trimestre (el documento solo dice fin de periodo/trimestre)",https://www.sec.gov/Archives/edgar/data/1025378/000110465913014159/a13-5870_1ex99d1.htm,"""Stock Price at end of Period"" Third Quarter 2012: $49.00"
2012-10-17,51.45,"Prospecto 424B2 del 19-oct-2012, último precio de venta reportado en NYSE",https://www.sec.gov/Archives/edgar/data/1025378/000119312512428753/d424670d424b2.htm,"""The last reported sale price of our shares of Common Stock on the NYSE on October 17, 2012 was $51.45 per share."""
2012-12-31,52.15,"Suplemento FY2012, 'Stock Price at end of Period' 4T-2012",https://www.sec.gov/Archives/edgar/data/1025378/000110465913014159/a13-5870_1ex99d1.htm,"""Stock Price at end of Period"" Fourth Quarter 2012: $52.15"
2013-03-28,67.4,"Suplemento FY2013, tabla Stock Data 'Closing Price' 1T-2013; fecha = último día hábil del trimestre (el documento solo dice fin de periodo/trimestre) (29-mar-2013 fue Viernes Santo)",https://www.sec.gov/Archives/edgar/data/1025378/000102537814000012/wpc2013q48-ksupplementalex.htm,"Stock Data, ""Closing Price"" Q1 2013: $67.40"
2013-06-28,66.17,"Suplemento FY2013, 'Closing Price' 2T-2013; fecha = último día hábil del trimestre (el documento solo dice fin de periodo/trimestre)",https://www.sec.gov/Archives/edgar/data/1025378/000102537814000012/wpc2013q48-ksupplementalex.htm,"Stock Data, ""Closing Price"" Q2 2013: $66.17"
2013-09-30,64.7,"Suplemento FY2013, 'Closing Price' 3T-2013; fecha = último día hábil del trimestre (el documento solo dice fin de periodo/trimestre)",https://www.sec.gov/Archives/edgar/data/1025378/000102537814000012/wpc2013q48-ksupplementalex.htm,"Stock Data, ""Closing Price"" Q3 2013: $64.70"
2013-10-31,66.61,Proxy/prospecto 424B3 fusión CPA:16 (29-nov-2013),https://www.sec.gov/Archives/edgar/data/1025378/000104746913010915/a2217564z424b3.htm,"""Based on the closing price of $66.61 per share as of October 31, 2013 for W. P. Carey Common Stock, the expected annual return would be 5.95% on an original $10.00 investment."""
2013-12-31,61.35,"Suplemento FY2013, 'Closing Price' 4T-2013",https://www.sec.gov/Archives/edgar/data/1025378/000102537814000012/wpc2013q48-ksupplementalex.htm,"Stock Data, ""Closing Price"" Q4 2013: $61.35"
2014-09-19,67.99,Prospecto 424B5 del 22-sep-2014,https://www.sec.gov/Archives/edgar/data/1025378/000104746914007792/a2221486z424b5.htm,"""On September 19, 2014, the last sale price of our shares of common stock as reported on the New York Stock Exchange was $67.99 per share."""
2014-12-31,70.1,"Suplemento 4T-2014, precio al cierre del trimestre",https://www.sec.gov/Archives/edgar/data/1025378/000102537815000006/wpc2014q48-ksupplementalex.htm,"""Stock price – at quarter end: $70.10"""
2015-06-02,63.5,Prospecto 424B5 del programa ATM (3-jun-2015),https://www.sec.gov/Archives/edgar/data/1025378/000104746915005209/a2224970z424b5.htm,"""The last reported sale price of our common stock on the NYSE on June 2, 2015 was $63.50 per share."""
2015-12-31,59.0,"Suplemento 4T-2015, precio de fin de trimestre",https://www.sec.gov/Archives/edgar/data/1025378/000102537816000058/wpc2015q48-ksupplementalex.htm,"""Equity market capitalization – based on quarter end share price of $59.00"""
2016-11-07,58.8,Prospecto base (8-nov-2016) incluido en el 424B5 ATM del 1-mar-2017,https://www.sec.gov/Archives/edgar/data/1025378/000110465917013077/a17-7382_1424b5.htm,"""On November 7, 2016, the last reported sale price of the Common Stock on the NYSE was $58.80 per share."""
2016-12-30,59.09,"Suplemento 4T-2016, precio de fin de trimestre; fecha = último día hábil del trimestre (el documento solo dice fin de periodo/trimestre)",https://www.sec.gov/Archives/edgar/data/1025378/000102537817000011/wpc2016q48-ksupplementalex.htm,"""based on quarter end share price of $59.09"""
2017-02-28,63.09,Prospecto 424B5 del programa ATM (1-mar-2017),https://www.sec.gov/Archives/edgar/data/1025378/000110465917013077/a17-7382_1424b5.htm,"""The last reported sale price of our common stock on the NYSE on February 28, 2017 was $63.09 per share."""
2017-12-29,68.9,"Suplemento 4T-2017, precio de fin de trimestre; fecha = último día hábil del trimestre (el documento solo dice fin de periodo/trimestre)",https://www.sec.gov/Archives/edgar/data/1025378/000102537818000011/wpc2017q48-ksupplementalex.htm,"""Equity market capitalization – based on quarter end share price of $68.90 ($'000)"""
2018-06-15,67.03,Proxy/prospecto 424B3 fusión CPA:17 (29-ago-2018): último día antes del anuncio,https://www.sec.gov/Archives/edgar/data/1025378/000104746918005866/a2236585z424b3.htm,"""the closing price of W. P. Carey's common stock of $67.03 on June 15, 2018 (the last trading day prior to the announcement of the Merger)"""
2018-12-31,65.34,"Suplemento 4T-2018, precio de fin de trimestre",https://www.sec.gov/Archives/edgar/data/1025378/000102537819000005/wpc2018q48-ksupplementalex.htm,"""Equity market capitalization – based on quarter end share price of $65.34 ($'000)"""
2019-02-26,74.03,Prospecto 424B5 del programa ATM (27-feb-2019),https://www.sec.gov/Archives/edgar/data/1025378/000110465919011173/a19-5516_1424b5.htm,"""The last reported sale price of our common stock on the NYSE on February 26, 2019 was $74.03 per share."""
2019-08-08,87.29,Prospecto 424B5 del programa ATM (9-ago-2019),https://www.sec.gov/Archives/edgar/data/1025378/000104746919004679/a2239459z424b5.htm,"""The last reported sale price of our common stock on the NYSE on August 8, 2019 was $87.29 per share."""
2019-12-31,80.04,"Suplemento 4T-2019, precio de fin de trimestre",https://www.sec.gov/Archives/edgar/data/1025378/000102537820000009/wpc2019q48-ksupplementalex.htm,"""Equity market capitalization – based on quarter end share price of $80.04"""
2020-06-16,74.36,Prospecto 424B5 del 17-jun-2020,https://www.sec.gov/Archives/edgar/data/1025378/000104746920003669/a2241907z424b5.htm,"""On June 16, 2020, the last sale price of shares of our common stock as reported on the NYSE was $74.36 per share."""
2020-12-31,70.58,"Suplemento 4T-2020, precio de fin de trimestre",https://www.sec.gov/Archives/edgar/data/1025378/000102537821000037/wpc2020q4supplementalexh992.htm,"""based on quarter end share price of $70.58"""
2021-06-04,78.13,Prospecto 424B5 del 7-jun-2021,https://www.sec.gov/Archives/edgar/data/1025378/000110465921077663/tm2118905-1_424b5.htm,"""On June 4, 2021, the last sale price of shares of our common stock as reported on the NYSE was $78.13 per share."""
2021-08-06,80.26,Prospecto 424B5 del programa ATM (9-ago-2021),https://www.sec.gov/Archives/edgar/data/1025378/000110465921102119/tm2124478-1_424b5.htm,"""On August 6, 2021, the last sale price of shares of our common stock as reported on the NYSE was $80.26 per share."""
2021-12-31,82.05,"Suplemento 4T-2021, precio de fin de trimestre",https://www.sec.gov/Archives/edgar/data/1025378/000102537822000038/wpc2021q4supplementalexh992.htm,"""Equity market capitalization – based on quarter end share price of $82.05 ($000s)"""
2022-02-25,77.66,Proxy/prospecto 424B3 fusión CPA:18 (27-abr-2022): último día antes del anuncio,https://www.sec.gov/Archives/edgar/data/1025378/000162828022010833/wpcarey424b3.htm,"""...based on the closing price of W. P. Carey Common Stock of $77.66 on February 25, 2022 (the last trading day prior to the announcement of the Merger)..."""
2022-04-29,80.77,Prospecto 424B5 del programa ATM (2-may-2022),https://www.sec.gov/Archives/edgar/data/1025378/000110465922054806/tm2214005-1_424b5.htm,"""The last reported sale price of our common stock on the NYSE on April 29, 2022 was $80.77 per share."""
2022-12-30,78.15,"Presentación 4T-2022 (EX-99.3); el documento dice 'December 31, 2022' (sábado): se asigna al último día hábil 30-dic-2022",https://www.sec.gov/Archives/edgar/data/1025378/000102537823000032/exhibit993-investorprese.htm,"""Based on a closing stock price of $78.15 on December 31, 2022 and 210,620,949 common shares outstanding"""
2023-09-29,54.08,"Presentación 3T-2023 (EX-99.3); el documento dice 'September 30, 2023' (sábado): se asigna al último día hábil 29-sep-2023",https://www.sec.gov/Archives/edgar/data/1025378/000162828023036559/investorpresentation3q23.htm,"""Based on a closing stock price of $54.08 on September 30, 2023 and 213,925,817 common shares outstanding as of September 30, 2023."""
2023-12-29,64.81,"Presentación 4T-2023 (EX-99.3); el documento dice 'December 31, 2023' (domingo): se asigna al último día hábil 29-dic-2023. Precio ya ex-NLOP",https://www.sec.gov/Archives/edgar/data/1025378/000102537824000034/wpc2023q4investorpresent.htm,"""Based on a closing stock price of $64.81 on December 31, 2023 and 218,671,874 common shares outstanding"""
2024-12-31,54.48,Presentación 4T-2024 (EX-99.3),https://www.sec.gov/Archives/edgar/data/1025378/000102537825000022/exhibit993-investorprese.htm,"""Based on a closing stock price of $54.48 on December 31, 2024"""
2025-04-30,62.44,Prospecto 424B5 del programa ATM (1-may-2025),https://www.sec.gov/Archives/edgar/data/1025378/000162828025021349/wpcarey424b5-atm.htm,"""The last reported sale price of our common stock on the NYSE on April 30, 2025, was $62.44 per share."""
2025-12-31,64.36,Presentación 4T-2025 (EX-99.3),https://www.sec.gov/Archives/edgar/data/1025378/000102537826000026/investorpresentation4q25.htm,"""Based on a closing stock price of $64.36 on December 31, 2025"""
