anio,trimestre,concepto,valor,base,fuente,fecha_publicacion,url,cita
2019,1,ffo_por_accion,1.09,actual,Comunicado de resultados 1T-2019 (8-K Ex. 99.1),2019-05-03,https://www.sec.gov/Archives/edgar/data/1025378/000102537819000013/wpc2019q18-kerexh991.htm,"Conciliación, three months ended March 31, 2019: ""FFO (as defined by NAREIT) attributable to W. P. Carey"" $183,058 (miles), ""FFO (as defined by NAREIT) attributable to W. P. Carey per diluted share"" $1.09; ""AFFO attributable to W. P. Carey"" $201,767 (miles), ""AFFO attributable to W. P. Carey per diluted share"" $1.21"
2019,1,affo_por_accion,1.21,actual,Comunicado de resultados 1T-2019 (8-K Ex. 99.1),2019-05-03,https://www.sec.gov/Archives/edgar/data/1025378/000102537819000013/wpc2019q18-kerexh991.htm,"Conciliación, three months ended March 31, 2019: ""FFO (as defined by NAREIT) attributable to W. P. Carey"" $183,058 (miles), ""FFO (as defined by NAREIT) attributable to W. P. Carey per diluted share"" $1.09; ""AFFO attributable to W. P. Carey"" $201,767 (miles), ""AFFO attributable to W. P. Carey per diluted share"" $1.21"
2019,2,ffo_por_accion,1.07,actual,Comunicado de resultados 2T-2019 (8-K Ex. 99.1),2019-08-02,https://www.sec.gov/Archives/edgar/data/1025378/000102537819000030/wpc2019q28-kerexh991.htm,"Conciliación, three months ended June 30, 2019: ""FFO (as defined by NAREIT) attributable to W. P. Carey"" $183,218 (miles), ""FFO (as defined by NAREIT) attributable to W. P. Carey per diluted share"" $1.07; ""AFFO attributable to W. P. Carey"" $208,465 (miles), ""AFFO attributable to W. P. Carey per diluted share"" $1.22"
2019,2,affo_por_accion,1.22,actual,Comunicado de resultados 2T-2019 (8-K Ex. 99.1),2019-08-02,https://www.sec.gov/Archives/edgar/data/1025378/000102537819000030/wpc2019q28-kerexh991.htm,"Conciliación, three months ended June 30, 2019: ""FFO (as defined by NAREIT) attributable to W. P. Carey"" $183,218 (miles), ""FFO (as defined by NAREIT) attributable to W. P. Carey per diluted share"" $1.07; ""AFFO attributable to W. P. Carey"" $208,465 (miles), ""AFFO attributable to W. P. Carey per diluted share"" $1.22"
2019,3,ffo_por_accion,1.09,actual,Comunicado de resultados 3T-2019 (8-K Ex. 99.1),2019-11-01,https://www.sec.gov/Archives/edgar/data/1025378/000102537819000042/wpc2019q38-kerexh991.htm,"Conciliación, three months ended September 30, 2019: ""FFO (as defined by NAREIT) attributable to W. P. Carey"" $187,950 (miles), ""FFO (as defined by NAREIT) attributable to W. P. Carey per diluted share"" $1.09; ""AFFO attributable to W. P. Carey"" $224,223 (miles), ""AFFO attributable to W. P. Carey per diluted share"" $1.30"
2019,3,affo_por_accion,1.3,actual,Comunicado de resultados 3T-2019 (8-K Ex. 99.1),2019-11-01,https://www.sec.gov/Archives/edgar/data/1025378/000102537819000042/wpc2019q38-kerexh991.htm,"Conciliación, three months ended September 30, 2019: ""FFO (as defined by NAREIT) attributable to W. P. Carey"" $187,950 (miles), ""FFO (as defined by NAREIT) attributable to W. P. Carey per diluted share"" $1.09; ""AFFO attributable to W. P. Carey"" $224,223 (miles), ""AFFO attributable to W. P. Carey per diluted share"" $1.30"
2019,4,ffo_por_accion,1.34,actual,Comunicado de resultados 4T-2019 (8-K Ex. 99.1),2020-02-21,https://www.sec.gov/Archives/edgar/data/1025378/000102537820000009/wpc2019q48-kerexh991.htm,"Conciliación, three months ended December 31, 2019: ""FFO (as defined by NAREIT) attributable to W. P. Carey"" $231,682 (miles), ""FFO (as defined by NAREIT) attributable to W. P. Carey per diluted share"" $1.34; ""AFFO attributable to W. P. Carey"" $222,015 (miles), ""AFFO attributable to W. P. Carey per diluted share"" $1.28"
2019,4,affo_por_accion,1.28,actual,Comunicado de resultados 4T-2019 (8-K Ex. 99.1),2020-02-21,https://www.sec.gov/Archives/edgar/data/1025378/000102537820000009/wpc2019q48-kerexh991.htm,"Conciliación, three months ended December 31, 2019: ""FFO (as defined by NAREIT) attributable to W. P. Carey"" $231,682 (miles), ""FFO (as defined by NAREIT) attributable to W. P. Carey per diluted share"" $1.34; ""AFFO attributable to W. P. Carey"" $222,015 (miles), ""AFFO attributable to W. P. Carey per diluted share"" $1.28"
2020,1,ffo_por_accion,1.38,actual,Comunicado de resultados 1T-2020 (8-K Ex. 99.1),2020-05-01,https://www.sec.gov/Archives/edgar/data/1025378/000102537820000020/wpc2020q18-kerexh991.htm,"Conciliación, three months ended March 31, 2020: ""FFO (as defined by NAREIT) attributable to W. P. Carey"" $239,727 (miles), ""FFO (as defined by NAREIT) attributable to W. P. Carey per diluted share"" $1.38; ""AFFO attributable to W. P. Carey"" $216,540 (miles), ""AFFO attributable to W. P. Carey per diluted share"" $1.25"
2020,1,affo_por_accion,1.25,actual,Comunicado de resultados 1T-2020 (8-K Ex. 99.1),2020-05-01,https://www.sec.gov/Archives/edgar/data/1025378/000102537820000020/wpc2020q18-kerexh991.htm,"Conciliación, three months ended March 31, 2020: ""FFO (as defined by NAREIT) attributable to W. P. Carey"" $239,727 (miles), ""FFO (as defined by NAREIT) attributable to W. P. Carey per diluted share"" $1.38; ""AFFO attributable to W. P. Carey"" $216,540 (miles), ""AFFO attributable to W. P. Carey per diluted share"" $1.25"
2020,2,ffo_por_accion,1.11,actual,Comunicado de resultados 2T-2020 (8-K Ex. 99.1),2020-07-31,https://www.sec.gov/Archives/edgar/data/1025378/000102537820000044/wpc2020q28-kerexh991.htm,"Conciliación, three months ended June 30, 2020: ""FFO (as defined by NAREIT) attributable to W. P. Carey"" $191,859 (miles), ""FFO (as defined by NAREIT) attributable to W. P. Carey per diluted share"" $1.11; ""AFFO attributable to W. P. Carey"" $197,910 (miles), ""AFFO attributable to W. P. Carey per diluted share"" $1.14"
2020,2,affo_por_accion,1.14,actual,Comunicado de resultados 2T-2020 (8-K Ex. 99.1),2020-07-31,https://www.sec.gov/Archives/edgar/data/1025378/000102537820000044/wpc2020q28-kerexh991.htm,"Conciliación, three months ended June 30, 2020: ""FFO (as defined by NAREIT) attributable to W. P. Carey"" $191,859 (miles), ""FFO (as defined by NAREIT) attributable to W. P. Carey per diluted share"" $1.11; ""AFFO attributable to W. P. Carey"" $197,910 (miles), ""AFFO attributable to W. P. Carey per diluted share"" $1.14"
2020,3,ffo_por_accion,1.36,actual,Comunicado de resultados 3T-2020 (8-K Ex. 99.1),2020-10-30,https://www.sec.gov/Archives/edgar/data/1025378/000102537820000069/wpc2020q38-kerexh991.htm,"Conciliación, three months ended September 30, 2020: ""FFO (as defined by NAREIT) attributable to W. P. Carey"" $239,130 (miles), ""FFO (as defined by NAREIT) attributable to W. P. Carey per diluted share"" $1.36; ""AFFO attributable to W. P. Carey"" $201,955 (miles), ""AFFO attributable to W. P. Carey per diluted share"" $1.15"
2020,3,affo_por_accion,1.15,actual,Comunicado de resultados 3T-2020 (8-K Ex. 99.1),2020-10-30,https://www.sec.gov/Archives/edgar/data/1025378/000102537820000069/wpc2020q38-kerexh991.htm,"Conciliación, three months ended September 30, 2020: ""FFO (as defined by NAREIT) attributable to W. P. Carey"" $239,130 (miles), ""FFO (as defined by NAREIT) attributable to W. P. Carey per diluted share"" $1.36; ""AFFO attributable to W. P. Carey"" $201,955 (miles), ""AFFO attributable to W. P. Carey per diluted share"" $1.15"
2020,4,ffo_por_accion,1.11,actual,Comunicado de resultados 4T-2020 (8-K Ex. 99.1),2021-02-12,https://www.sec.gov/Archives/edgar/data/1025378/000102537821000037/wpc2020q48-kerexh991.htm,"Conciliación, three months ended December 31, 2020: ""FFO (as defined by NAREIT) attributable to W. P. Carey"" $195,649 (miles), ""FFO (as defined by NAREIT) attributable to W. P. Carey per diluted share"" $1.11; ""AFFO attributable to W. P. Carey"" $212,681 (miles), ""AFFO attributable to W. P. Carey per diluted share"" $1.20"
2020,4,affo_por_accion,1.2,actual,Comunicado de resultados 4T-2020 (8-K Ex. 99.1),2021-02-12,https://www.sec.gov/Archives/edgar/data/1025378/000102537821000037/wpc2020q48-kerexh991.htm,"Conciliación, three months ended December 31, 2020: ""FFO (as defined by NAREIT) attributable to W. P. Carey"" $195,649 (miles), ""FFO (as defined by NAREIT) attributable to W. P. Carey per diluted share"" $1.11; ""AFFO attributable to W. P. Carey"" $212,681 (miles), ""AFFO attributable to W. P. Carey per diluted share"" $1.20"
2021,1,ffo_por_accion,0.91,actual,Comunicado de resultados 1T-2021 (8-K Ex. 99.1),2021-04-30,https://www.sec.gov/Archives/edgar/data/1025378/000102537821000059/wpc2021q18-kerexh991.htm,"Conciliación, three months ended March 31, 2021: ""FFO (as defined by NAREIT) attributable to W. P. Carey"" $161,768 (miles), ""FFO (as defined by NAREIT) attributable to W. P. Carey per diluted share"" $0.91; ""AFFO attributable to W. P. Carey"" $216,486 (miles), ""AFFO attributable to W. P. Carey per diluted share"" $1.22"
2021,1,affo_por_accion,1.22,actual,Comunicado de resultados 1T-2021 (8-K Ex. 99.1),2021-04-30,https://www.sec.gov/Archives/edgar/data/1025378/000102537821000059/wpc2021q18-kerexh991.htm,"Conciliación, three months ended March 31, 2021: ""FFO (as defined by NAREIT) attributable to W. P. Carey"" $161,768 (miles), ""FFO (as defined by NAREIT) attributable to W. P. Carey per diluted share"" $0.91; ""AFFO attributable to W. P. Carey"" $216,486 (miles), ""AFFO attributable to W. P. Carey per diluted share"" $1.22"
2021,2,ffo_por_accion,1.2,actual,Comunicado de resultados 2T-2021 (8-K Ex. 99.1),2021-07-30,https://www.sec.gov/Archives/edgar/data/1025378/000102537821000096/wpc2021q28-kerexh991.htm,"Conciliación, three months ended June 30, 2021: ""FFO (as defined by NAREIT) attributable to W. P. Carey"" $216,832 (miles), ""FFO (as defined by NAREIT) attributable to W. P. Carey per diluted share"" $1.20; ""AFFO attributable to W. P. Carey"" $228,676 (miles), ""AFFO attributable to W. P. Carey per diluted share"" $1.27"
2021,2,affo_por_accion,1.27,actual,Comunicado de resultados 2T-2021 (8-K Ex. 99.1),2021-07-30,https://www.sec.gov/Archives/edgar/data/1025378/000102537821000096/wpc2021q28-kerexh991.htm,"Conciliación, three months ended June 30, 2021: ""FFO (as defined by NAREIT) attributable to W. P. Carey"" $216,832 (miles), ""FFO (as defined by NAREIT) attributable to W. P. Carey per diluted share"" $1.20; ""AFFO attributable to W. P. Carey"" $228,676 (miles), ""AFFO attributable to W. P. Carey per diluted share"" $1.27"
2021,3,ffo_por_accion,1.45,actual,Comunicado de resultados 3T-2021 (8-K Ex. 99.1),2021-10-29,https://www.sec.gov/Archives/edgar/data/1025378/000102537821000105/wpc2021q38-kerexh991.htm,"Conciliación, three months ended September 30, 2021: ""FFO (as defined by NAREIT) attributable to W. P. Carey"" $270,636 (miles), ""FFO (as defined by NAREIT) attributable to W. P. Carey per diluted share"" $1.45; ""AFFO attributable to W. P. Carey"" $230,724 (miles), ""AFFO attributable to W. P. Carey per diluted share"" $1.24"
2021,3,affo_por_accion,1.24,actual,Comunicado de resultados 3T-2021 (8-K Ex. 99.1),2021-10-29,https://www.sec.gov/Archives/edgar/data/1025378/000102537821000105/wpc2021q38-kerexh991.htm,"Conciliación, three months ended September 30, 2021: ""FFO (as defined by NAREIT) attributable to W. P. Carey"" $270,636 (miles), ""FFO (as defined by NAREIT) attributable to W. P. Carey per diluted share"" $1.45; ""AFFO attributable to W. P. Carey"" $230,724 (miles), ""AFFO attributable to W. P. Carey per diluted share"" $1.24"
2021,4,ffo_por_accion,1.31,actual,Comunicado de resultados 4T-2021 (8-K Ex. 99.1),2022-02-11,https://www.sec.gov/Archives/edgar/data/1025378/000102537822000038/wpc2021q48-kerexh991.htm,"Conciliación, three months ended December 31, 2021: ""FFO (as defined by NAREIT) attributable to W. P. Carey"" $247,324 (miles), ""FFO (as defined by NAREIT) attributable to W. P. Carey per diluted share"" $1.31; ""AFFO attributable to W. P. Carey"" $245,605 (miles), ""AFFO attributable to W. P. Carey per diluted share"" $1.30"
2021,4,affo_por_accion,1.3,actual,Comunicado de resultados 4T-2021 (8-K Ex. 99.1),2022-02-11,https://www.sec.gov/Archives/edgar/data/1025378/000102537822000038/wpc2021q48-kerexh991.htm,"Conciliación, three months ended December 31, 2021: ""FFO (as defined by NAREIT) attributable to W. P. Carey"" $247,324 (miles), ""FFO (as defined by NAREIT) attributable to W. P. Carey per diluted share"" $1.31; ""AFFO attributable to W. P. Carey"" $245,605 (miles), ""AFFO attributable to W. P. Carey per diluted share"" $1.30"
2022,1,ffo_por_accion,1.5,actual,Comunicado de resultados 1T-2022 (8-K Ex. 99.1),2022-04-29,https://www.sec.gov/Archives/edgar/data/1025378/000102537822000079/wpc2022q18-kerexh991.htm,"Conciliación, three months ended March 31, 2022: ""FFO (as defined by NAREIT) attributable to W. P. Carey"" $288,251 (miles), ""FFO (as defined by NAREIT) attributable to W. P. Carey per diluted share"" $1.50; ""AFFO attributable to W. P. Carey"" $258,826 (miles), ""AFFO attributable to W. P. Carey per diluted share"" $1.35"
2022,1,affo_por_accion,1.35,actual,Comunicado de resultados 1T-2022 (8-K Ex. 99.1),2022-04-29,https://www.sec.gov/Archives/edgar/data/1025378/000102537822000079/wpc2022q18-kerexh991.htm,"Conciliación, three months ended March 31, 2022: ""FFO (as defined by NAREIT) attributable to W. P. Carey"" $288,251 (miles), ""FFO (as defined by NAREIT) attributable to W. P. Carey per diluted share"" $1.50; ""AFFO attributable to W. P. Carey"" $258,826 (miles), ""AFFO attributable to W. P. Carey per diluted share"" $1.35"
2022,2,ffo_por_accion,1.13,actual,Comunicado de resultados 2T-2022 (8-K Ex. 99.1),2022-07-29,https://www.sec.gov/Archives/edgar/data/1025378/000102537822000121/wpc2022q28-kerexh991.htm,"Conciliación, three months ended June 30, 2022: ""FFO (as defined by NAREIT) attributable to W. P. Carey"" $220,028 (miles), ""FFO (as defined by NAREIT) attributable to W. P. Carey per diluted share"" $1.13; ""AFFO attributable to W. P. Carey"" $254,374 (miles), ""AFFO attributable to W. P. Carey per diluted share"" $1.31"
2022,2,affo_por_accion,1.31,actual,Comunicado de resultados 2T-2022 (8-K Ex. 99.1),2022-07-29,https://www.sec.gov/Archives/edgar/data/1025378/000102537822000121/wpc2022q28-kerexh991.htm,"Conciliación, three months ended June 30, 2022: ""FFO (as defined by NAREIT) attributable to W. P. Carey"" $220,028 (miles), ""FFO (as defined by NAREIT) attributable to W. P. Carey per diluted share"" $1.13; ""AFFO attributable to W. P. Carey"" $254,374 (miles), ""AFFO attributable to W. P. Carey per diluted share"" $1.31"
2022,3,ffo_por_accion,1.17,actual,Comunicado de resultados 3T-2022 (8-K Ex. 99.1),2022-11-04,https://www.sec.gov/Archives/edgar/data/1025378/000102537822000137/wpc2022q38-kerexh991.htm,"Conciliación, three months ended September 30, 2022: ""FFO (as defined by NAREIT) attributable to W. P. Carey"" $238,748 (miles), ""FFO (as defined by NAREIT) attributable to W. P. Carey per diluted share"" $1.17; ""AFFO attributable to W. P. Carey"" $277,722 (miles), ""AFFO attributable to W. P. Carey per diluted share"" $1.36"
2022,3,affo_por_accion,1.36,actual,Comunicado de resultados 3T-2022 (8-K Ex. 99.1),2022-11-04,https://www.sec.gov/Archives/edgar/data/1025378/000102537822000137/wpc2022q38-kerexh991.htm,"Conciliación, three months ended September 30, 2022: ""FFO (as defined by NAREIT) attributable to W. P. Carey"" $238,748 (miles), ""FFO (as defined by NAREIT) attributable to W. P. Carey per diluted share"" $1.17; ""AFFO attributable to W. P. Carey"" $277,722 (miles), ""AFFO attributable to W. P. Carey per diluted share"" $1.36"
2022,4,ffo_por_accion,1.7,actual,Comunicado de resultados 4T-2022 (8-K Ex. 99.1),2023-02-10,https://www.sec.gov/Archives/edgar/data/1025378/000102537823000032/wpc2022q48-kerexh991.htm,"Conciliación, three months ended December 31, 2022: ""FFO (as defined by NAREIT) attributable to W. P. Carey"" $358,586 (miles), ""FFO (as defined by NAREIT) attributable to W. P. Carey per diluted share"" $1.70; ""AFFO attributable to W. P. Carey"" $269,676 (miles), ""AFFO attributable to W. P. Carey per diluted share"" $1.29"
2022,4,affo_por_accion,1.29,actual,Comunicado de resultados 4T-2022 (8-K Ex. 99.1),2023-02-10,https://www.sec.gov/Archives/edgar/data/1025378/000102537823000032/wpc2022q48-kerexh991.htm,"Conciliación, three months ended December 31, 2022: ""FFO (as defined by NAREIT) attributable to W. P. Carey"" $358,586 (miles), ""FFO (as defined by NAREIT) attributable to W. P. Carey per diluted share"" $1.70; ""AFFO attributable to W. P. Carey"" $269,676 (miles), ""AFFO attributable to W. P. Carey per diluted share"" $1.29"
2023,1,ffo_por_accion,1.29,actual,Comunicado de resultados 1T-2023 (8-K Ex. 99.1),2023-04-28,https://www.sec.gov/Archives/edgar/data/1025378/000102537823000079/wpc2023q18-kerexh991.htm,"Conciliación, three months ended March 31, 2023: ""FFO (as defined by NAREIT) attributable to W. P. Carey"" $274,806 (miles), ""FFO (as defined by NAREIT) attributable to W. P. Carey per diluted share"" $1.29; ""AFFO attributable to W. P. Carey"" $279,219 (miles), ""AFFO attributable to W. P. Carey per diluted share"" $1.31"
2023,1,affo_por_accion,1.31,actual,Comunicado de resultados 1T-2023 (8-K Ex. 99.1),2023-04-28,https://www.sec.gov/Archives/edgar/data/1025378/000102537823000079/wpc2023q18-kerexh991.htm,"Conciliación, three months ended March 31, 2023: ""FFO (as defined by NAREIT) attributable to W. P. Carey"" $274,806 (miles), ""FFO (as defined by NAREIT) attributable to W. P. Carey per diluted share"" $1.29; ""AFFO attributable to W. P. Carey"" $279,219 (miles), ""AFFO attributable to W. P. Carey per diluted share"" $1.31"
2023,2,ffo_por_accion,1.34,actual,Comunicado de resultados 2T-2023 (8-K Ex. 99.1),2023-07-28,https://www.sec.gov/Archives/edgar/data/1025378/000102537823000104/wpc2023q28-kerexh991.htm,"Conciliación, three months ended June 30, 2023: ""FFO (as defined by NAREIT) attributable to W. P. Carey"" $288,359 (miles), ""FFO (as defined by NAREIT) attributable to W. P. Carey per diluted share"" $1.34; ""AFFO attributable to W. P. Carey"" $293,306 (miles), ""AFFO attributable to W. P. Carey per diluted share"" $1.36"
2023,2,affo_por_accion,1.36,actual,Comunicado de resultados 2T-2023 (8-K Ex. 99.1),2023-07-28,https://www.sec.gov/Archives/edgar/data/1025378/000102537823000104/wpc2023q28-kerexh991.htm,"Conciliación, three months ended June 30, 2023: ""FFO (as defined by NAREIT) attributable to W. P. Carey"" $288,359 (miles), ""FFO (as defined by NAREIT) attributable to W. P. Carey per diluted share"" $1.34; ""AFFO attributable to W. P. Carey"" $293,306 (miles), ""AFFO attributable to W. P. Carey per diluted share"" $1.36"
2023,3,ffo_por_accion,1.32,actual,Comunicado de resultados 3T-2023 (8-K Ex. 99.1),2023-11-03,https://www.sec.gov/Archives/edgar/data/1025378/000162828023036559/wpc2023q38-kerexh991.htm,"Conciliación, three months ended September 30, 2023: ""FFO (as defined by NAREIT) attributable to W. P. Carey"" $284,907 (miles), ""FFO (as defined by NAREIT) attributable to W. P. Carey per diluted share"" $1.32; ""AFFO attributable to W. P. Carey"" $284,392 (miles), ""AFFO attributable to W. P. Carey per diluted share"" $1.32"
2023,3,affo_por_accion,1.32,actual,Comunicado de resultados 3T-2023 (8-K Ex. 99.1),2023-11-03,https://www.sec.gov/Archives/edgar/data/1025378/000162828023036559/wpc2023q38-kerexh991.htm,"Conciliación, three months ended September 30, 2023: ""FFO (as defined by NAREIT) attributable to W. P. Carey"" $284,907 (miles), ""FFO (as defined by NAREIT) attributable to W. P. Carey per diluted share"" $1.32; ""AFFO attributable to W. P. Carey"" $284,392 (miles), ""AFFO attributable to W. P. Carey per diluted share"" $1.32"
2023,4,ffo_por_accion,0.97,actual,Comunicado de resultados 4T-2023 (8-K Ex. 99.1),2024-02-09,https://www.sec.gov/Archives/edgar/data/1025378/000102537824000034/wpc2023q48-kerexh991.htm,"Conciliación, three months ended December 31, 2023: ""FFO (as defined by NAREIT) attributable to W. P. Carey"" $213,154 (miles), ""FFO (as defined by NAREIT) attributable to W. P. Carey per diluted share"" $0.97; ""AFFO attributable to W. P. Carey"" $261,350 (miles), ""AFFO attributable to W. P. Carey per diluted share"" $1.19"
2023,4,affo_por_accion,1.19,actual,Comunicado de resultados 4T-2023 (8-K Ex. 99.1),2024-02-09,https://www.sec.gov/Archives/edgar/data/1025378/000102537824000034/wpc2023q48-kerexh991.htm,"Conciliación, three months ended December 31, 2023: ""FFO (as defined by NAREIT) attributable to W. P. Carey"" $213,154 (miles), ""FFO (as defined by NAREIT) attributable to W. P. Carey per diluted share"" $0.97; ""AFFO attributable to W. P. Carey"" $261,350 (miles), ""AFFO attributable to W. P. Carey per diluted share"" $1.19"
2024,1,ffo_por_accion,1.2,actual,Comunicado de resultados 1T-2024 (8-K Ex. 99.1),2024-04-30,https://www.sec.gov/Archives/edgar/data/1025378/000102537824000075/wpc2024q18-kerexh991.htm,"Conciliación, three months ended March 31, 2024: ""FFO (as defined by NAREIT) attributable to W. P. Carey"" $264,737 (miles), ""FFO (as defined by NAREIT) attributable to W. P. Carey per diluted share"" $1.20; ""AFFO attributable to W. P. Carey"" $251,892 (miles), ""AFFO attributable to W. P. Carey per diluted share"" $1.14"
2024,1,affo_por_accion,1.14,actual,Comunicado de resultados 1T-2024 (8-K Ex. 99.1),2024-04-30,https://www.sec.gov/Archives/edgar/data/1025378/000102537824000075/wpc2024q18-kerexh991.htm,"Conciliación, three months ended March 31, 2024: ""FFO (as defined by NAREIT) attributable to W. P. Carey"" $264,737 (miles), ""FFO (as defined by NAREIT) attributable to W. P. Carey per diluted share"" $1.20; ""AFFO attributable to W. P. Carey"" $251,892 (miles), ""AFFO attributable to W. P. Carey per diluted share"" $1.14"
2024,2,ffo_por_accion,1.18,actual,Comunicado de resultados 2T-2024 (8-K Ex. 99.1),2024-07-30,https://www.sec.gov/Archives/edgar/data/1025378/000102537824000116/wpc2024q28-kerexh991.htm,"Conciliación, three months ended June 30, 2024: ""FFO (as defined by NAREIT) attributable to W. P. Carey"" $259,038 (miles), ""FFO (as defined by NAREIT) attributable to W. P. Carey per diluted share"" $1.18; ""AFFO attributable to W. P. Carey"" $257,099 (miles), ""AFFO attributable to W. P. Carey per diluted share"" $1.17"
2024,2,affo_por_accion,1.17,actual,Comunicado de resultados 2T-2024 (8-K Ex. 99.1),2024-07-30,https://www.sec.gov/Archives/edgar/data/1025378/000102537824000116/wpc2024q28-kerexh991.htm,"Conciliación, three months ended June 30, 2024: ""FFO (as defined by NAREIT) attributable to W. P. Carey"" $259,038 (miles), ""FFO (as defined by NAREIT) attributable to W. P. Carey per diluted share"" $1.18; ""AFFO attributable to W. P. Carey"" $257,099 (miles), ""AFFO attributable to W. P. Carey per diluted share"" $1.17"
2024,3,ffo_por_accion,0.83,actual,Comunicado de resultados 3T-2024 (8-K Ex. 99.1),2024-10-29,https://www.sec.gov/Archives/edgar/data/1025378/000102537824000137/wpc2024q38-kerexh991.htm,"Conciliación, three months ended September 30, 2024: ""FFO (as defined by NAREIT) attributable to W. P. Carey"" $182,275 (miles), ""FFO (as defined by NAREIT) attributable to W. P. Carey per diluted share"" $0.83; ""AFFO attributable to W. P. Carey"" $259,348 (miles), ""AFFO attributable to W. P. Carey per diluted share"" $1.18"
2024,3,affo_por_accion,1.18,actual,Comunicado de resultados 3T-2024 (8-K Ex. 99.1),2024-10-29,https://www.sec.gov/Archives/edgar/data/1025378/000102537824000137/wpc2024q38-kerexh991.htm,"Conciliación, three months ended September 30, 2024: ""FFO (as defined by NAREIT) attributable to W. P. Carey"" $182,275 (miles), ""FFO (as defined by NAREIT) attributable to W. P. Carey per diluted share"" $0.83; ""AFFO attributable to W. P. Carey"" $259,348 (miles), ""AFFO attributable to W. P. Carey per diluted share"" $1.18"
2024,4,ffo_por_accion,0.85,actual,Comunicado de resultados 4T-2024 (8-K Ex. 99.1),2025-02-11,https://www.sec.gov/Archives/edgar/data/1025378/000102537825000022/wpc2024q48-kerexh991.htm,"Conciliación, three months ended December 31, 2024: ""FFO (as defined by NAREIT) attributable to W. P. Carey"" $188,293 (miles), ""FFO (as defined by NAREIT) attributable to W. P. Carey per diluted share"" $0.85; ""AFFO attributable to W. P. Carey"" $267,606 (miles), ""AFFO attributable to W. P. Carey per diluted share"" $1.21"
2024,4,affo_por_accion,1.21,actual,Comunicado de resultados 4T-2024 (8-K Ex. 99.1),2025-02-11,https://www.sec.gov/Archives/edgar/data/1025378/000102537825000022/wpc2024q48-kerexh991.htm,"Conciliación, three months ended December 31, 2024: ""FFO (as defined by NAREIT) attributable to W. P. Carey"" $188,293 (miles), ""FFO (as defined by NAREIT) attributable to W. P. Carey per diluted share"" $0.85; ""AFFO attributable to W. P. Carey"" $267,606 (miles), ""AFFO attributable to W. P. Carey per diluted share"" $1.21"
2025,1,ffo_por_accion,0.99,actual,Comunicado de resultados 1T-2025 (8-K Ex. 99.1),2025-04-29,https://www.sec.gov/Archives/edgar/data/1025378/000102537825000061/wpc2025q18-kerexh991.htm,"Conciliación, three months ended March 31, 2025: ""FFO (as defined by NAREIT) attributable to W. P. Carey"" $219,403 (miles), ""FFO (as defined by NAREIT) attributable to W. P. Carey per diluted share"" $0.99; ""AFFO attributable to W. P. Carey"" $257,820 (miles), ""AFFO attributable to W. P. Carey per diluted share"" $1.17"
2025,1,affo_por_accion,1.17,actual,Comunicado de resultados 1T-2025 (8-K Ex. 99.1),2025-04-29,https://www.sec.gov/Archives/edgar/data/1025378/000102537825000061/wpc2025q18-kerexh991.htm,"Conciliación, three months ended March 31, 2025: ""FFO (as defined by NAREIT) attributable to W. P. Carey"" $219,403 (miles), ""FFO (as defined by NAREIT) attributable to W. P. Carey per diluted share"" $0.99; ""AFFO attributable to W. P. Carey"" $257,820 (miles), ""AFFO attributable to W. P. Carey per diluted share"" $1.17"
2025,2,ffo_por_accion,0.57,actual,Comunicado de resultados 2T-2025 (8-K Ex. 99.1),2025-07-29,https://www.sec.gov/Archives/edgar/data/1025378/000102537825000125/wpc2025q28-kerexh991.htm,"Conciliación, three months ended June 30, 2025: ""FFO (as defined by NAREIT) attributable to W. P. Carey"" $124,824 (miles), ""FFO (as defined by NAREIT) attributable to W. P. Carey per diluted share"" $0.57; ""AFFO attributable to W. P. Carey"" $282,670 (miles), ""AFFO attributable to W. P. Carey per diluted share"" $1.28"
2025,2,affo_por_accion,1.28,actual,Comunicado de resultados 2T-2025 (8-K Ex. 99.1),2025-07-29,https://www.sec.gov/Archives/edgar/data/1025378/000102537825000125/wpc2025q28-kerexh991.htm,"Conciliación, three months ended June 30, 2025: ""FFO (as defined by NAREIT) attributable to W. P. Carey"" $124,824 (miles), ""FFO (as defined by NAREIT) attributable to W. P. Carey per diluted share"" $0.57; ""AFFO attributable to W. P. Carey"" $282,670 (miles), ""AFFO attributable to W. P. Carey per diluted share"" $1.28"
2025,3,ffo_por_accion,1.1,actual,Comunicado de resultados 3T-2025 (8-K Ex. 99.1),2025-10-28,https://www.sec.gov/Archives/edgar/data/1025378/000102537825000141/wpc2025q38-kerexh991.htm,"Conciliación, three months ended September 30, 2025: ""FFO (as defined by NAREIT) attributable to W. P. Carey"" $243,164 (miles), ""FFO (as defined by NAREIT) attributable to W. P. Carey per diluted share"" $1.10; ""AFFO attributable to W. P. Carey"" $276,629 (miles), ""AFFO attributable to W. P. Carey per diluted share"" $1.25"
2025,3,affo_por_accion,1.25,actual,Comunicado de resultados 3T-2025 (8-K Ex. 99.1),2025-10-28,https://www.sec.gov/Archives/edgar/data/1025378/000102537825000141/wpc2025q38-kerexh991.htm,"Conciliación, three months ended September 30, 2025: ""FFO (as defined by NAREIT) attributable to W. P. Carey"" $243,164 (miles), ""FFO (as defined by NAREIT) attributable to W. P. Carey per diluted share"" $1.10; ""AFFO attributable to W. P. Carey"" $276,629 (miles), ""AFFO attributable to W. P. Carey per diluted share"" $1.25"
2025,4,ffo_por_accion,1.3,actual,Comunicado de resultados 4T-2025 (8-K Ex. 99.1),2026-02-10,https://www.sec.gov/Archives/edgar/data/1025378/000102537826000026/wpc2025q48-kerexh991.htm,"Conciliación, three months ended December 31, 2025: ""FFO (as defined by NAREIT) attributable to W. P. Carey"" $288,072 (miles), ""FFO (as defined by NAREIT) attributable to W. P. Carey per diluted share"" $1.30; ""AFFO attributable to W. P. Carey"" $281,124 (miles), ""AFFO attributable to W. P. Carey per diluted share"" $1.27"
2025,4,affo_por_accion,1.27,actual,Comunicado de resultados 4T-2025 (8-K Ex. 99.1),2026-02-10,https://www.sec.gov/Archives/edgar/data/1025378/000102537826000026/wpc2025q48-kerexh991.htm,"Conciliación, three months ended December 31, 2025: ""FFO (as defined by NAREIT) attributable to W. P. Carey"" $288,072 (miles), ""FFO (as defined by NAREIT) attributable to W. P. Carey per diluted share"" $1.30; ""AFFO attributable to W. P. Carey"" $281,124 (miles), ""AFFO attributable to W. P. Carey per diluted share"" $1.27"
2026,1,ffo_por_accion,1.35,actual,Comunicado de resultados 1T-2026 (8-K Ex. 99.1); igual en el comparativo del 2T-2026,2026-04-28,https://www.sec.gov/Archives/edgar/data/1025378/000102537826000074/wpc2026q18-kerexh991.htm,"Tres meses al 31-mar-2026: ""FFO (as defined by NAREIT) attributable to W. P. Carey per diluted share"" $1.35; ""AFFO attributable to W. P. Carey per diluted share"" $1.30"
2026,1,affo_por_accion,1.3,actual,Comunicado de resultados 1T-2026 (8-K Ex. 99.1); igual en el comparativo del 2T-2026,2026-04-28,https://www.sec.gov/Archives/edgar/data/1025378/000102537826000074/wpc2026q18-kerexh991.htm,"Tres meses al 31-mar-2026: ""FFO (as defined by NAREIT) attributable to W. P. Carey per diluted share"" $1.35; ""AFFO attributable to W. P. Carey per diluted share"" $1.30"
2026,2,ffo_por_accion,1.51,actual,Comunicado de resultados 2T-2026 (8-K Ex. 99.1),2026-07-28,https://www.sec.gov/Archives/edgar/data/1025378/000102537826000114/wpc2026q28-kerexh991.htm,"Tres meses al 30-jun-2026: ""FFO (as defined by NAREIT) attributable to W. P. Carey per diluted share"" $1.51; ""AFFO attributable to W. P. Carey per diluted share"" $1.34 (acciones diluidas promedio 227,215,203)"
2026,2,affo_por_accion,1.34,actual,Comunicado de resultados 2T-2026 (8-K Ex. 99.1),2026-07-28,https://www.sec.gov/Archives/edgar/data/1025378/000102537826000114/wpc2026q28-kerexh991.htm,"Tres meses al 30-jun-2026: ""FFO (as defined by NAREIT) attributable to W. P. Carey per diluted share"" $1.51; ""AFFO attributable to W. P. Carey per diluted share"" $1.34 (acciones diluidas promedio 227,215,203)"
