ticker,fecha,factor
AHT,2013-11-20,1.49
AHT,2014-11-13,1.059
AHT,2019-10-28,1.012
AHT,2020-07-16,0.1
AHT,2021-07-19,0.1
AHT,2024-10-28,0.1
AIV,2020-12-01,0.807
AIV,2020-12-15,9.295
BDN,1996-11-26,0.3333333333333333
BHR,2019-10-28,1.01
BRT,1986-08-25,0.3333333333333333
CMCT,2014-04-29,0.2
CMCT,2019-09-03,0.3333333333333333
CMCT,2024-09-25,1.02
CMCT,2025-04-15,0.04
CMCT,2026-03-26,0.1
CMCT,2026-04-20,0.1
CSR,2018-12-28,0.1
CTO,1986-03-25,2.0
CTO,1992-08-18,2.0
CTO,2020-11-18,1.228
CTO,2022-07-01,3.0
CUZ,1980-05-27,1.25
CUZ,1981-03-30,1.25
CUZ,1983-06-21,1.25
CUZ,1984-06-19,1.25
CUZ,1986-05-28,1.5
CUZ,1987-05-29,1.5
CUZ,2000-10-03,1.5
CUZ,2016-10-07,1.417
CUZ,2019-06-17,0.25
DEA,2025-04-28,0.4
DOC,1992-05-21,2.0
DOC,2004-03-02,2.0
DOC,2016-11-01,1.098
EGP,1997-04-08,1.5
ELME,1981-04-01,3.0
ELME,1985-07-15,1.5
ELME,1988-12-19,1.5
ELME,1992-06-01,1.5
ELS,1994-04-25,2.0
ELS,2013-07-16,2.0
ELS,2019-10-16,2.0
EQIX,2002-12-31,0.03125
FRT,1982-09-01,2.0
FRT,1985-11-06,1.5
GIPR,2026-07-10,0.1
GNL,2017-03-01,0.3333333333333333
GTY,1978-01-06,1.05
GTY,1978-06-30,1.05
GTY,1979-01-08,1.05
GTY,1979-07-02,1.5
GTY,1980-04-01,1.5
GTY,1980-10-02,1.05
GTY,1981-04-01,1.05
GTY,1981-10-02,1.05
GTY,1982-04-01,1.05
GTY,1982-10-05,1.05
GTY,1983-04-05,1.05
GTY,1983-10-03,1.05
GTY,1984-04-02,1.05
GTY,1984-09-27,1.05
GTY,1985-04-25,1.3333333333333333
GTY,1985-09-27,1.05
GTY,1986-04-22,1.3333333333333333
GTY,1986-09-29,1.05
GTY,1987-04-06,1.05
GTY,1988-09-28,1.05
GTY,1989-04-10,1.05
GTY,1989-09-27,1.05
GTY,1990-04-06,1.05
GTY,1997-04-01,1.3225763787858749
HPP,2025-12-02,0.1428571428571428
HR,2014-12-16,0.5
HST,1986-06-23,5.0
HST,1996-01-02,1.122334455667789
HST,2009-11-04,1.0215
IRM,1998-08-03,1.5
IRM,2002-01-02,1.5
IRM,2004-07-01,1.5
IRM,2007-01-03,1.5
IRM,2014-09-26,1.082
IVT,2021-08-06,0.1
KIM,1995-12-22,1.5
KIM,2001-12-24,1.5
KIM,2005-08-24,2.0
KRG,2014-08-12,0.25
LAMR,1998-03-02,1.5
LTC,1998-10-01,1.1
LXP,2025-11-11,0.2
MAC,2009-05-07,1.027
MAC,2009-08-10,1.0189
MAC,2009-11-09,1.0179
MAC,2010-02-11,1.014
MKZR,2025-08-05,0.1
O,2005-01-03,2.0
O,2021-11-15,1.032
OUT,2025-01-17,0.976
PW,2026-06-03,0.1
RHP,1993-09-14,2.0
RYN,2003-06-13,1.5
RYN,2003-11-12,1.187
RYN,2005-10-18,1.5
RYN,2011-08-25,1.5
RYN,2014-06-30,1.339
SAFE,1998-06-19,0.1666666666666666
SAFE,2022-11-30,1.284
SAFE,2023-03-31,0.16
SBRA,2010-11-16,0.3333333333333333
SITC,1998-08-04,2.0
SITC,2009-03-10,1.0666
SITC,2009-06-09,1.04016
SITC,2018-05-21,0.5
SITC,2024-08-19,0.25
SKT,2004-12-29,2.0
SKT,2011-01-25,2.0
SLG,2021-01-21,0.971
SLG,2022-01-24,0.97
SPG,2009-08-13,1.00722
SPG,2009-11-12,1.0063
SPG,2014-05-29,1.063
SQFT,2025-05-19,0.1
SVC,2026-07-07,0.2
UDR,1983-08-01,1.5
UDR,1993-05-06,2.0
UNIT,2025-08-04,0.602
VMRK,2001-10-12,2.0
VNO,1991-06-03,5.0
VNO,1993-03-26,1.5
VNO,1997-10-21,2.0
VNO,1998-10-19,1.0131712259371835
VNO,2015-01-16,1.1049723756906078
VNO,2017-07-18,1.237
VTR,2015-08-18,0.8757
WELL,1985-09-04,1.5
WHLR,2017-04-03,0.125
WHLR,2023-08-18,0.1
WHLR,2024-05-17,0.0416666666666666
WHLR,2024-06-20,0.1666666666666666
WHLR,2024-06-28,0.2
WHLR,2024-09-20,0.3333333333333333
WHLR,2024-11-19,0.5
WHLR,2025-01-28,0.25
WHLR,2025-03-27,0.2
WHLR,2025-05-27,0.1428571428571428
WHLR,2025-09-23,0.2
WHLR,2025-12-01,0.5
WHLR,2026-01-20,0.3333333333333333
WHLR,2026-04-20,0.3333333333333333
WHLR,2026-06-18,0.25
WHLR,2026-07-28,0.2
WHLR,2026-08-27,0.25
WHLR,2026-09-22,0.1111111111111111
WPC,2023-11-02,1.021
WY,1973-12-12,2.0
WY,1988-06-03,1.5
XRN,2025-09-22,0.2
