fecha,indice_precio,indice_total,exposicion
1972-01-31,98.65462,100.0008524,
1972-02-29,100.3682599,101.7378765,
1972-03-31,99.62905712,101.4163201,
1972-04-30,102.8533523,105.3111642,
1972-05-31,92.82986525,95.4437697,
1972-06-30,101.7469526,104.9646971,
1972-07-31,106.360213,111.0495308,
1972-08-31,104.8138013,109.5604832,
1972-09-30,108.1629331,113.7843428,
1972-10-31,104.7719441,111.1501882,1
1972-11-30,103.0697135,109.6955393,1
1972-12-31,101.0805783,108.0102621,0
1973-01-31,101.5859558,109.6369753,0
1973-02-28,95.87471691,103.5850043,0
1973-03-31,97.41943884,106.0498536,0
1973-04-30,92.03361734,101.0678891,0
1973-05-31,89.3318886,98.21187294,0
1973-06-30,90.5762668,100.2974228,0
1973-07-31,92.83135308,103.8231153,0
1973-08-31,88.33947951,98.97329526,0
1973-09-30,93.27754952,105.3901667,0
1973-10-31,93.25634446,106.3515852,0
1973-11-30,80.13746148,91.45903354,0
1973-12-31,79.06584643,91.24798194,0
1974-01-31,81.65924621,95.43140371,0
1974-02-28,85.03269403,99.53017697,0
1974-03-31,82.31172647,97.36336281,0
1974-04-30,76.94147913,92.0152929,0
1974-05-31,71.50403157,85.55657892,0
1974-06-30,71.69781393,86.89262524,0
1974-07-31,65.19609915,80.24648474,0
1974-08-31,60.242996,74.19525196,0
1974-09-30,59.23616216,73.84010986,0
1974-10-31,60.85696088,77.00975934,0
1974-11-30,57.56428077,72.88850575,0
1974-12-31,55.87880554,71.71815141,0
1975-01-31,62.89159194,81.81945603,0
1975-02-28,64.3261396,83.80746181,1
1975-03-31,65.47234958,86.17036065,1
1975-04-30,66.64579407,88.53981204,1
1975-05-31,65.60728572,87.32739744,1
1975-06-30,68.93387224,92.78247605,1
1975-07-31,67.03322641,91.36550709,1
1975-08-31,65.97463663,89.97143556,1
1975-09-30,61.05564042,84.29733488,0
1975-10-31,58.91951873,82.22877918,0
1975-11-30,59.87475419,83.6191806,0
1975-12-31,60.53831047,85.55939026,0
1976-01-31,68.06970526,97.26760262,1
1976-02-29,71.39294887,102.0649909,1
1976-03-31,70.95984597,102.4867298,1
1976-04-30,71.72820202,104.3861466,1
1976-05-31,69.68453278,101.4614875,1
1976-06-30,71.6854755,105.5129653,1
1976-07-31,72.74738162,108.1652491,1
1976-08-31,75.37953764,112.1622633,1
1976-09-30,75.33144301,113.2871521,1
1976-10-31,75.70940805,114.6009512,1
1976-11-30,78.10830229,118.4099252,1
1976-12-31,82.45918038,126.2759508,1
1977-01-31,86.58880919,133.6201737,1
1977-02-28,87.31281286,134.9474495,1
1977-03-31,87.00558404,135.8389426,1
1977-04-30,87.70712529,137.6211635,1
1977-05-31,87.87678367,138.0935152,1
1977-06-30,90.76871609,144.0039597,1
1977-07-31,90.35771888,144.3286871,1
1977-08-31,90.39599279,144.5690641,1
1977-09-30,89.96354378,145.2802349,1
1977-10-31,89.38913132,145.2515486,1
1977-11-30,93.23774274,151.7270342,1
1977-12-31,93.98003162,154.592363,1
1978-01-31,91.22637591,151.0481041,1
1978-02-28,92.23307922,153.219055,1
1978-03-31,96.13703909,160.5024005,1
1978-04-30,98.25229401,165.8381585,1
1978-05-31,95.14395113,160.8817107,1
1978-06-30,94.00681945,159.6775796,1
1978-07-31,95.92366391,164.9800301,1
1978-08-31,99.76640866,172.1513304,1
1978-09-30,98.9482855,172.192825,1
1978-10-31,90.70016738,159.2021559,0
1978-11-30,93.44459844,164.4197941,0
1978-12-31,96.47909964,170.5702941,1
1979-01-31,98.97013954,177.2250152,1
1979-02-28,100.547249,180.8861615,1
1979-03-31,107.3057706,193.9476149,1
1979-04-30,106.8814727,195.4510995,1
1979-05-31,105.6600625,193.611282,1
1979-06-30,114.8802096,211.4165544,1
1979-07-31,118.454082,220.5382802,1
1979-08-31,132.9582038,248.3347567,1
1979-09-30,128.7453554,242.6460333,1
1979-10-31,114.084425,216.8085654,1
1979-11-30,117.800023,224.4092217,1
1979-12-31,121.0679709,231.7326317,1
1980-01-31,128.4953121,249.1146117,1
1980-02-29,129.5321923,252.081481,1
1980-03-31,113.0554931,221.4437763,0
1980-04-30,111.7815111,220.7569926,0
1980-05-31,103.7685699,232.0058307,0
1980-06-30,110.3597978,248.2055671,0
1980-07-31,117.680661,267.5480112,1
1980-08-31,120.7889314,275.6634191,1
1980-09-30,118.0840638,271.1525362,1
1980-10-31,129.0842813,298.8497244,1
1980-11-30,126.1956827,292.9250133,1
1980-12-31,123.4234279,288.203851,1
1981-01-31,124.6177583,294.1322033,1
1981-02-28,125.0393001,296.762252,1
1981-03-31,127.6379987,304.2572815,1
1981-04-30,128.3823325,308.8123514,1
1981-05-31,127.489537,307.6521319,1
1981-06-30,129.8047723,314.8100141,1
1981-07-31,127.5175369,312.4427713,1
1981-08-31,122.0403227,300.5257116,0
1981-09-30,113.4256496,281.132205,0
1981-10-31,117.9694501,295.3474109,0
1981-11-30,121.8754016,306.3328466,0
1981-12-31,120.9185327,305.4984149,0
1982-01-31,119.0079448,304.3034264,0
1982-02-28,116.0932281,298.6942799,0
1982-03-31,113.7800424,294.2234588,0
1982-04-30,115.510116,302.4884756,0
1982-05-31,115.1792904,302.4256221,0
1982-06-30,110.264759,291.0190041,0
1982-07-31,109.250376,292.3099787,0
1982-08-31,112.6789948,303.0373246,0
1982-09-30,117.1949686,316.9774536,1
1982-10-31,127.6221405,349.0669467,1
1982-11-30,132.0764473,362.0916883,1
1982-12-31,134.808123,371.4888269,1
1983-01-31,138.1702212,386.3788643,1
1983-02-28,136.61689,383.910282,1
1983-03-31,148.9121987,420.0552976,1
1983-04-30,156.893849,446.9161865,1
1983-05-31,158.4868827,452.6173461,1
1983-06-30,160.5226221,460.6520689,1
1983-07-31,155.2485098,449.5179826,1
1983-08-31,154.1690947,448.2417791,1
1983-09-30,151.8469833,443.0242291,1
1983-10-31,154.8780536,457.8266211,1
1983-11-30,157.7240179,467.4171026,1
1983-12-31,163.1271653,485.2990717,1
1984-01-31,167.3750318,503.2681375,1
1984-02-29,167.7563966,506.4387791,1
1984-03-31,167.3709734,506.7975201,1
1984-04-30,168.0506917,513.9599156,1
1984-05-31,164.0059722,503.7527175,1
1984-06-30,163.5060081,503.7449576,1
1984-07-31,158.9754621,495.2150926,0
1984-08-31,164.7401607,515.9158437,1
1984-09-30,170.7571817,552.4267173,1
1984-10-31,172.5756919,563.9662557,1
1984-11-30,175.4924555,575.3370302,1
1984-12-31,178.2988399,586.8589464,1
1985-01-31,183.7784712,615.5149407,1
1985-02-28,187.7012271,632.3419424,1
1985-03-31,189.4648665,642.2960251,1
1985-04-30,189.7114657,648.3591044,1
1985-05-31,195.2369942,668.4712796,1
1985-06-30,197.9129554,682.1390446,1
1985-07-31,200.1002243,695.2788537,1
1985-08-31,194.4206604,678.2606196,1
1985-09-30,189.2839987,664.5149905,0
1985-10-31,192.9956548,683.2323457,1
1985-11-30,191.9666434,680.2423645,0
1985-12-31,195.4505746,698.927604,1
1986-01-31,202.6040922,729.8846773,1
1986-02-28,205.6109376,744.8962914,1
1986-03-31,217.9374572,794.5278359,1
1986-04-30,216.2819393,793.1853787,1
1986-05-31,211.3579899,779.738867,1
1986-06-30,220.7481576,819.6372581,1
1986-07-31,218.3026091,815.34997,1
1986-08-31,224.3701651,842.4084089,1
1986-09-30,220.8569981,835.4822786,1
1986-10-31,224.4558298,854.2795254,1
1986-11-30,222.0925359,848.2702772,1
1986-12-31,216.0978064,832.8262376,0
1987-01-31,227.0442278,879.5026212,1
1987-02-28,233.6692837,911.0341235,1
1987-03-31,232.6803867,912.7006855,1
1987-04-30,228.7442652,901.6891981,1
1987-05-31,225.9842897,894.837224,1
1987-06-30,230.8815428,919.5417326,1
1987-07-31,229.5111902,919.5793538,1
1987-08-31,222.6011391,897.5887199,0
1987-09-30,219.5888353,890.6393726,0
1987-10-31,184.8020125,754.9115111,0
1987-11-30,187.8847718,771.9163746,0
1987-12-31,193.8236362,802.5127398,0
1988-01-31,202.9946872,846.4938157,0
1988-02-29,209.2395224,878.8581447,0
1988-03-31,208.6362373,883.2273476,0
1988-04-30,208.9483943,889.3680581,1
1988-05-31,204.770664,876.2470946,1
1988-06-30,210.2886701,906.6926058,1
1988-07-31,211.325588,916.3806226,1
1988-08-31,208.8531927,912.1027709,1
1988-09-30,208.6402832,917.2433064,1
1988-10-31,206.424564,913.2202819,0
1988-11-30,201.0769483,894.7273922,0
1988-12-31,203.0683402,910.7350217,0
1989-01-31,206.3350902,930.919713,0
1989-02-28,204.3104141,928.1497512,0
1989-03-31,203.6657263,932.4561377,0
1989-04-30,207.9231573,958.8082041,1
1989-05-31,208.8806384,967.7594601,1
1989-06-30,211.377819,986.5184147,1
1989-07-31,217.6923509,1022.977353,1
1989-08-31,218.3765357,1032.417614,1
1989-09-30,215.0805116,1022.759199,1
1989-10-31,208.0524154,996.3849311,0
1989-11-30,206.2274999,993.2534905,0
1989-12-31,204.2437027,991.2642203,0
1990-01-31,194.6598905,950.1355537,0
1990-02-28,191.8883261,943.4742901,0
1990-03-31,192.3089867,952.8808373,0
1990-04-30,187.6012652,936.3186439,0
1990-05-31,186.3222206,935.6009819,0
1990-06-30,179.3874822,951.7579033,0
1990-07-31,176.4667749,943.0927076,0
1990-08-31,162.2638273,875.1682322,0
1990-09-30,149.5768836,813.2769951,0
1990-10-31,143.0718276,785.8610636,0
1990-11-30,152.0769097,841.6305191,0
1990-12-31,150.2119115,839.0879942,0
1991-01-31,165.5485476,930.8842208,1
1991-02-28,167.8496724,947.7332252,1
1991-03-31,180.779594,1029.891005,1
1991-04-30,184.1063,1055.972068,1
1991-05-31,185.180216,1067.709842,1
1991-06-30,178.6003889,1037.911438,1
1991-07-31,180.9476653,1058.853884,1
1991-08-31,179.0359264,1054.570973,1
1991-09-30,182.1768086,1080.393314,1
1991-10-31,178.8753653,1068.514595,1
1991-11-30,176.978562,1062.583099,0
1991-12-31,188.4749124,1138.610495,1
1992-01-31,196.5372076,1194.063495,1
1992-02-29,190.466187,1165.496959,1
1992-03-31,186.2010872,1146.152308,1
1992-04-30,184.2465102,1142.081531,0
1992-05-31,191.0820557,1191.990493,1
1992-06-30,187.4235031,1176.383345,1
1992-07-31,194.3379498,1227.491355,1
1992-08-31,193.7518004,1231.266513,1
1992-09-30,196.6365322,1256.647841,1
1992-10-31,195.108581,1255.044409,1
1992-11-30,197.9708239,1281.60539,1
1992-12-31,200.541871,1304.729396,1
1993-01-31,212.1740014,1388.460405,1
1993-02-28,222.4014248,1463.112923,1
1993-03-31,240.2591472,1587.078092,1
1993-04-30,228.3660791,1517.177618,1
1993-05-31,223.716089,1493.13187,1
1993-06-30,229.9298034,1541.529052,1
1993-07-31,232.6979283,1568.448773,1
1993-08-31,237.28117,1607.1824,1
1993-09-30,247.975456,1685.637491,1
1993-10-31,241.9536201,1653.497205,1
1993-11-30,227.8067129,1563.825075,0
1993-12-31,226.5145978,1561.167824,0
1994-01-31,231.6770473,1606.614153,0
1994-02-28,240.7182673,1676.377999,1
1994-03-31,231.0250217,1614.310021,0
1994-04-30,233.3820545,1641.723879,0
1994-05-31,236.9281547,1678.2611,1
1994-06-30,231.3698439,1644.031455,0
1994-07-31,228.6144838,1635.991368,0
1994-08-31,227.8683849,1640.875457,0
1994-09-30,222.8814853,1610.407681,0
1994-10-31,213.4948628,1554.54689,0
1994-11-30,204.4624929,1501.092396,0
1994-12-31,218.5502654,1610.668013,0
1995-01-31,211.7065321,1575.498224,0
1995-02-28,215.570388,1614.411769,0
1995-03-31,213.9146134,1607.941368,0
1995-04-30,211.972236,1607.528513,0
1995-05-31,219.3668957,1675.842688,1
1995-06-30,222.0598285,1702.505414,1
1995-07-31,223.8439415,1731.848521,1
1995-08-31,224.9274377,1752.635622,1
1995-09-30,228.0305201,1782.690711,1
1995-10-31,221.23994,1744.500574,1
1995-11-30,221.6765946,1760.444942,1
1995-12-31,232.8823919,1856.566821,1
1996-01-31,235.8965654,1887.118856,1
1996-02-29,237.362863,1909.206695,1
1996-03-31,235.3798625,1898.79371,1
1996-04-30,234.4275414,1908.418391,1
1996-05-31,238.8023028,1957.730377,1
1996-06-30,241.1933774,1983.247329,1
1996-07-31,240.8656656,1998.218694,1
1996-08-31,248.6570822,2076.880771,1
1996-09-30,252.399053,2113.031726,1
1996-10-31,258.0530174,2175.755446,1
1996-11-30,267.5258112,2274.889108,1
1996-12-31,294.2404037,2511.316059,1
1997-01-31,295.7426187,2539.375288,1
1997-02-28,293.343657,2534.186353,1
1997-03-31,291.8907593,2528.79695,1
1997-04-30,281.9995593,2459.212044,1
1997-05-31,288.5419491,2531.512878,1
1997-06-30,301.583595,2654.546936,1
1997-07-31,309.0582177,2736.550616,1
1997-08-31,306.6003705,2730.0019,1
1997-09-30,332.899192,2968.256809,1
1997-10-31,321.7970039,2888.026312,1
1997-11-30,326.9587257,2950.453663,1
1997-12-31,333.4665113,3020.113497,1
1998-01-31,329.8801377,3004.150464,1
1998-02-28,322.6919499,2953.033488,1
1998-03-31,327.6095445,3006.017214,1
1998-04-30,314.7082929,2908.10328,0
1998-05-31,310.8047089,2887.728098,0
1998-06-30,308.0017581,2868.179376,0
1998-07-31,286.1191215,2681.982897,0
1998-08-31,257.4279582,2428.8762,0
1998-09-30,270.9976024,2566.378893,0
1998-10-31,264.2641655,2518.86638,0
1998-11-30,266.7898972,2555.957288,0
1998-12-31,259.0037714,2491.527329,0
1999-01-31,252.787,2439.473,0
1999-02-28,245.634,2382.175,0
1999-03-31,242.021,2371.426,0
1999-04-30,263.648,2596.463,1
1999-05-31,268.238,2653.498,1
1999-06-30,261.654,2610.527,1
1999-07-31,252.0305,2527.4603,0
1999-08-31,246.9852,2495.3382,0
1999-09-30,235.4641,2400.6035,0
1999-10-31,228.3005,2341.5598,0
1999-11-30,222.889,2303.4736,0
1999-12-31,227.368,2376.4192,0
2000-01-31,227.338539,2384.245962,0
2000-02-29,223.264399,2355.842426,0
2000-03-31,228.388613,2433.302805,0
2000-04-30,242.592056,2596.803291,1
2000-05-31,243.549408,2622.344475,1
2000-06-30,247.662544,2689.611693,1
2000-07-31,268.290631,2924.689572,1
2000-08-31,255.962913,2805.992499,1
2000-09-30,261.699129,2895.272659,1
2000-10-31,249.200475,2769.932275,1
2000-11-30,251.035159,2805.49776,1
2000-12-31,264.902647,3002.970995,1
2001-01-31,266.870675,3034.314133,1
2001-02-28,261.200666,2985.850852,1
2001-03-31,261.476401,3014.829892,1
2001-04-30,266.563385,3086.750449,1
2001-05-31,271.415258,3161.477148,1
2001-06-30,285.2214,3346.782118,1
2001-07-31,278.095638,3280.303698,1
2001-08-31,286.585674,3400.246715,1
2001-09-30,272.531668,3259.0512,1
2001-10-31,263.526792,3165.799963,0
2001-11-30,276.566205,3340.01898,1
2001-12-31,280.396436,3421.372199,1
2002-01-31,279.90071,3428.081425,1
2002-02-28,283.968987,3494.178531,1
2002-03-31,298.821724,3703.786006,1
2002-04-30,300.368831,3735.367732,1
2002-05-31,302.616917,3785.944245,1
2002-06-30,308.69182,3889.417558,1
2002-07-31,291.528727,3685.977369,1
2002-08-31,289.188109,3678.771708,0
2002-09-30,275.988778,3537.587698,0
2002-10-31,261.690433,3367.348115,0
2002-11-30,272.099778,3525.91543,0
2002-12-31,271.657536,3552.095617,0
2003-01-31,262.913148,3448.833443,0
2003-02-28,265.735517,3505.894176,0
2003-03-31,268.69558,3576.077568,0
2003-04-30,279.551866,3733.313683,1
2003-05-31,294.695237,3958.773092,1
2003-06-30,298.975539,4044.882933,1
2003-07-31,313.727735,4261.357932,1
2003-08-31,313.94116,4284.18114,1
2003-09-30,322.24767,4429.847174,1
2003-10-31,326.901471,4509.878972,1
2003-11-30,339.686966,4706.487049,1
2003-12-31,349.021812,4871.120406,1
2004-01-31,362.896485,5081.850131,1
2004-02-29,367.860354,5170.709672,1
2004-03-31,385.869837,5456.466732,1
2004-04-30,328.469673,4660.837293,0
2004-05-31,350.374982,4993.061691,1
2004-06-30,358.248,5139.484793,1
2004-07-31,358.260338,5156.41466,1
2004-08-31,385.22844,5565.655193,1
2004-09-30,382.691547,5562.341622,1
2004-10-31,401.911031,5860.441659,1
2004-11-30,416.84284,6112.626683,1
2004-12-31,434.013597,6409.298275,1
2005-01-31,396.798463,5871.110772,1
2005-02-28,407.412794,6051.172571,1
2005-03-31,398.73199,5957.387194,1
2005-04-30,418.757187,6274.281274,1
2005-05-31,431.565709,6491.744913,1
2005-06-30,450.868596,6818.105633,1
2005-07-31,481.852732,7304.686976,1
2005-08-31,462.127733,7037.579142,1
2005-09-30,462.102203,7079.508013,1
2005-10-31,449.938282,6911.990446,1
2005-11-30,466.816543,7203.219235,1
2005-12-31,462.981985,7188.850648,1
2006-01-31,495.634501,7713.995499,1
2006-02-28,502.49647,7852.010715,1
2006-03-31,525.52,8248.59,1
2006-04-30,504.7,7942.04,1
2006-05-31,488.5,7715.96,1
2006-06-30,511.55,8117.39,1
2006-07-31,527.48,8391.19,1
2006-08-31,545.73,8708.79,1
2006-09-30,553.33,8869.74,1
2006-10-31,586.67,9425.35,1
2006-11-30,612.09,9863.5,1
2006-12-31,599.59,9709.31,1
2007-01-31,648.86,10526.96,1
2007-02-28,632.86,10291.24,1
2007-03-31,615.23,10045.6,1
2007-04-30,613.61,10043.61,1
2007-05-31,612.12,10048.86,1
2007-06-30,554.19,9137.56,0
2007-07-31,509.77,8424.63,0
2007-08-31,541.33,8978.24,0
2007-09-30,562.6,9373.8,0
2007-10-31,567.24,9478.84,0
2007-11-30,514.27,8619.15,0
2007-12-31,485.36,8185.75,0
2008-01-31,478.96,8101.79,0
2008-02-29,460.38,7813.51,0
2008-03-31,486.39,8300.4,0
2008-04-30,513.38,8786.74,1
2008-05-31,515.42,8854.47,1
2008-06-30,456.9,7891.5,0
2008-07-31,471.05,8165.42,0
2008-08-31,479.7,8345.81,0
2008-09-30,476.28,8329.68,0
2008-10-31,324.3,5691.82,0
2008-11-30,247.78,4379.55,0
2008-12-31,285.79,5097.46,0
2009-01-31,235.73,4215.2,0
2009-02-28,185.56,3337.41,0
2009-03-31,191.22,3472.97,0
2009-04-30,249.55,4550.27,0
2009-05-31,253.81,4648.41,0
2009-06-30,242.83,4474.92,0
2009-07-31,267.59,4943.57,1
2009-08-31,302.32,5605.49,1
2009-09-30,320.19,5963.97,1
2009-10-31,305.19,5695.33,1
2009-11-30,325.14,6088.91,1
2009-12-31,346.6,6524.25,1
2010-01-31,327.88,6184.3,1
2010-02-28,344.16,6514.45,1
2010-03-31,377.43,7177.91,1
2010-04-30,402.86,7676.2,1
2010-05-31,379.36,7250.53,1
2010-06-30,358.71,6886.77,1
2010-07-31,392.17,7542.56,1
2010-08-31,385.36,7437.87,1
2010-09-30,400.92,7770.14,1
2010-10-31,419.01,8135.44,1
2010-11-30,409.36,7976.14,1
2010-12-31,426.55,8347.58,1
2011-01-31,443.41,8691.91,1
2011-02-28,462.24,9090.25,1
2011-03-31,454.63,8973.82,1
2011-04-30,477.13,9432.7,1
2011-05-31,480.18,9526.95,1
2011-06-30,463.71,9234.38,1
2011-07-31,467.83,9331.56,1
2011-08-31,440.09,8809.33,0
2011-09-30,390.09,7842.64,0
2011-10-31,444.97,8962.35,0
2011-11-30,426.74,8625.48,0
2011-12-31,444.96,9039.07,0
2012-01-31,472.55,9613.8,1
2012-02-29,467.03,9526.22,1
2012-03-31,487.64,9987.37,1
2012-04-30,499.84,10254.33,1
2012-05-31,476.38,9802.04,1
2012-06-30,502.7,10386.82,1
2012-07-31,512.86,10612.21,1
2012-08-31,511.99,10624.91,1
2012-09-30,503.64,10493.88,1
2012-10-31,501.68,10467.52,1
2012-11-30,498.73,10439.07,1
2012-12-31,514.43,10819.84,1
2013-01-31,532.3,11215.56,1
2013-02-28,537.76,11354.74,1
2013-03-31,551.62,11696.24,1
2013-04-30,585.6615,12436.686,1
2013-05-31,549.6218,11702.912,1
2013-06-30,535.2,11446.849,1
2013-07-31,538.8291,11541.717,1
2013-08-31,501.6544,10777.403,0
2013-09-30,516.39,11147.517,0
2013-10-31,537.6336,11630.745,0
2013-11-30,510.2109,11064.852,0
2013-12-31,510.3346,11128.826,0
2014-01-31,526.5229,11497.415,0
2014-02-28,549.554,12033.973,1
2014-03-31,548.8694,12076.477,1
2014-04-30,564.3791,12438.1,1
2014-05-31,579.1911,12800.555,1
2014-06-30,582.606,12937.065,1
2014-07-31,581.9857,12941.185,1
2014-08-31,599.326,13364.996,1
2014-09-30,562.9615,12615.851,1
2014-10-31,612.5416,13749.897,1
2014-11-30,625.2482,14071.2,1
2014-12-31,629.9588,14247.968,1
2015-01-31,668.0417,15126.474,1
2015-02-28,646.255,14666.733,1
2015-03-31,649.75,14815.118,1
2015-04-30,616.752,14081.977,0
2015-05-31,613.7622,14050.822,0
2015-06-30,585.1833,13472.421,0
2015-07-31,613.5885,14144.309,0
2015-08-31,576.3345,13321.146,0
2015-09-30,585.0821,13605.293,0
2015-10-31,622.02,14485.7,1
2015-11-30,619.2488,14461,1
2015-12-31,623.7593,14650.506,1
2016-01-31,601.0573,14134.871,0
2016-02-29,597.0684,14074.393,0
2016-03-31,654.8668,15505.924,1
2016-04-30,642.0265,15224.7,1
2016-05-31,655.2861,15576.94,1
2016-06-30,696.6384,16654.71,1
2016-07-31,722.8643,17302.42,1
2016-08-31,696.2125,16701.17,1
2016-09-30,682.1014,16453.83,1
2016-10-31,646.1525,15613.014,0
2016-11-30,629.4411,15234.816,0
2016-12-31,653.4839,15914.731,0
2017-01-31,653.7252,15941.137,0
2017-02-28,678.5394,16581.04,1
2017-03-31,663.91,16320.1,0
2017-04-30,665.6837,16390.8,0
2017-05-31,663.3145,16369.93,1
2017-06-30,672.1974,16691.26,1
2017-07-31,679.7797,16902.42,1
2017-08-31,682.6093,17010.94,1
2017-09-30,673.2028,16876,1
2017-10-31,673.1251,16897.51,1
2017-11-30,689.2451,17346.02,1
2017-12-31,683.045,17295.16,1
2018-01-31,662.0865,16785.79,0
2018-02-28,612.4943,15565.263,0
2018-03-31,631.2014,16142.713,0
2018-04-30,633.2375,16226.791,0
2018-05-31,654.4515,16811.27,0
2018-06-30,677.5703,17514.65,1
2018-07-31,680.6795,17621.03,1
2018-08-31,697.9542,18110.35,1
2018-09-30,676.7132,17667.15,1
2018-10-31,657.868,17199.79,0
2018-11-30,687.298,18017.18,1
2018-12-31,628.7547,16595.65,0
2019-01-31,700.6042,18517.39,1
2019-02-28,702.7297,18617.67,1
2019-03-31,729.9682,19445.86,1
2019-04-30,727.1467,19400.8,1
2019-05-31,730.1671,19525.76,1
2019-06-30,735.8682,19793.88,1
2019-07-31,746.295,20098.76,1
2019-08-31,775.4534,20931.02,1
2019-09-30,785.6425,21323.97,1
2019-10-31,793.2336,21554.83,1
2019-11-30,779.2717,21222.26,1
2019-12-31,779.3358,21352.44,1
2020-01-31,788.26,21622.6,1
2020-02-29,731.4996,20103.46,0
2020-03-31,590.8728,16347.197,0
2020-04-30,641.8371,17790.6,0
2020-05-31,651.5794,18094.9,0
2020-06-30,663.1531,18512.81,0
2020-07-31,687.5309,19219.32,0
2020-08-31,687.32,19245.57,0
2020-09-30,665.51,18733.04,0
2020-10-31,642.3217,18104.61,0
2020-11-30,700.8273,19774.43,1
2020-12-31,713.86,20258.86,1
2021-01-31,712.6705,20244.45,1
2021-02-28,731.1522,20795.58,1
2021-03-31,767.7344,21944.85,1
2021-04-30,828.7888,23726.14,1
2021-05-31,834.5753,23921.42,1
2021-06-30,853.6893,24584.1,1
2021-07-31,889.9869,25657.05,1
2021-08-31,907.4832,26191.56,1
2021-09-30,849.6111,24640.59,1
2021-10-31,908.8796,26384.62,1
2021-11-30,898.4742,26117.18,1
2021-12-31,980.0825,28625.44,1
2022-01-31,901.6089,26354.72,1
2022-02-28,865.65,25328.68,0
2022-03-31,922.0833,27119.13,1
2022-04-30,887.2804,26127.91,0
2022-05-31,844.6558,24904.74,0
2022-06-30,779.8232,23136.73,0
2022-07-31,845.9128,25114.35,0
2022-08-31,795.18,23636.59,0
2022-09-30,689.8023,20630.59,0
2022-10-31,711.8859,21328.28,0
2022-11-30,753.4379,22606.77,0
2022-12-31,710.9291,21483.84,0
2023-01-31,781.7165,23647.16,1
2023-02-28,734.2459,22245.88,0
2023-03-31,716.0722,21858.66,0
2023-04-30,716.9409,21923.69,0
2023-05-31,685.5962,20996.68,0
2023-06-30,716.8156,22121.65,0
2023-07-31,730.287,22564.66,1
2023-08-31,704.8076,21813.8,0
2023-09-30,650.534,20277.9,0
2023-10-31,629.0591,19645.69,0
2023-11-30,702.3893,21976.12,1
2023-12-31,758.9216,23923.6,1
2024-01-31,721.3767,22760.79,1
2024-02-29,734.106,23199.36,1
2024-03-31,741.8443,23611.45,1
2024-04-30,681.9562,21743.39,0
2024-05-31,717.0063,22893.08,1
2024-06-30,727.5217,23399.57,1
2024-07-31,778.7093,25078.87,1
2024-08-31,821.2023,26489.61,1
2024-09-30,842.2454,27328.47,1
2024-10-31,810.5704,26341.96,1
2024-11-30,838.2258,27283.38,1
2024-12-31,765.9305,25101.18,0
2025-01-31,772.7782,25358.56,0
2025-02-28,803.8892,26414.38,1
2025-03-31,779.47,25791.83,0
2025-04-30,762.7534,25281.42,0
2025-05-31,770.3303,25572.71,0
2025-06-30,764.1541,25551.84,0
2025-07-31,755.05,25275.24,0
2025-08-31,779.0472,26120.6,0
2025-09-30,776.8919,26234.18,1
2025-10-31,758.7861,25655.32,0
2025-11-30,774.5881,26231.84,1
2025-12-31,752.6426,25671.01,0
2026-01-31,772.633,26390.01,1
2026-02-28,829.5433,28370.52,1
2026-03-31,773.5763,26637.42,0
2026-04-30,842.1505,29045.85,1
2026-05-31,841.4741,29062.94,1
2026-06-30,848.3139,29495.24,1
2026-07-31,868.048,30209.51,1
2026-08-31,843.2906,29391.63,1
2026-09-30,789.6522,27706.75,0
