linea,etiqueta,tag_gaap,subtotal,2026-06-30,2026-03-31,2025-12-31,2025-09-30,2025-06-30,2025-03-31,2024-12-31,2024-09-30,2024-06-30,2024-03-31,2023-12-31,2023-09-30,2023-06-30,2023-03-31,2022-12-31,2022-09-30,2022-06-30,2022-03-31,2021-12-31,2021-09-30,2021-06-30,2021-03-31,2020-12-31,2020-09-30,2020-06-30,2020-03-31,2019-12-31,2019-09-30,2019-06-30,2019-03-31
inmuebles_bruto,"Inmuebles, costo",RealEstateInvestmentPropertyAtCost,False,29142694000.0,28976846000.0,28883386000.0,28648483000.0,28638145000.0,28066278000.0,27825470000.0,27450247000.0,27197669000.0,27171005000.0,27061533000.0,26874270000.0,12258835000.0,12160260000.0,12084191000.0,11884522000.0,11072315000.0,10797048000.0,10643151000.0,,,,9507788000.0,,,,9129559000.0,,,
depreciacion_acumulada,Depreciación acumulada,RealEstateInvestmentPropertyAccumulatedDepreciation,False,4330467000.0,4156137000.0,3982125000.0,3828434000.0,3661376000.0,3494166000.0,3339136000.0,3168088000.0,2984371000.0,2802341000.0,2624405000.0,2440327000.0,2295568000.0,2218705000.0,2138524000.0,2061814000.0,1992922000.0,1929716000.0,1867750000.0,,,,1681429000.0,,,,1473852000.0,,,
inmuebles_neto,"Inmuebles, neto",RealEstateInvestmentPropertyNet,True,24938444000.0,24926765000.0,25004350000.0,24926700000.0,25099810000.0,24683924000.0,24587627000.0,24385492000.0,24340817000.0,24494676000.0,24555873000.0,24556678000.0,10017351000.0,9991446000.0,9997978000.0,9877080000.0,9135464000.0,8940724000.0,8834649000.0,8272671000.0,8113074000.0,7944395000.0,7893802000.0,7755947000.0,7673724000.0,7689621000.0,7696864000.0,7665567000.0,7667033000.0,7688617000.0
efectivo,Efectivo y equivalentes,CashAndCashEquivalentsAtCarryingValue,False,695171000.0,138986000.0,138920000.0,111931000.0,125045000.0,119559000.0,138222000.0,88931000.0,76973000.0,50816000.0,99062000.0,216121000.0,50644000.0,47951000.0,92868000.0,86991000.0,58729000.0,65978000.0,71126000.0,65565000.0,56006000.0,60330000.0,109124000.0,74803000.0,56397000.0,93297000.0,65746000.0,62277000.0,47667000.0,38988000.0
efectivo_restringido,Efectivo restringido,RestrictedCashAndCashEquivalents,False,,,,,,,,,,,,,,,,7363000.0,11437000.0,6688000.0,5068000.0,15717000.0,3743000.0,2465000.0,18885000.0,5771000.0,5354000.0,4633000.0,4987000.0,4438000.0,7977000.0,7840000.0
cuentas_por_cobrar,Cuentas por cobrar,AccountsReceivableNet,False,114679000.0,115380000.0,142120000.0,133086000.0,134842000.0,116059000.0,129748000.0,112748000.0,164060000.0,137170000.0,134716000.0,131614000.0,99971000.0,84682000.0,85937000.0,79333000.0,73983000.0,,83050000.0,,,,,,,,,,,
intangibles_arrendamiento,Intangibles de arrendamiento,FiniteLivedIntangibleAssetsNet,False,1676000.0,6635000.0,11593000.0,16552000.0,21511000.0,26469000.0,32206000.0,39498000.0,47498000.0,56915000.0,66332000.0,75749000.0,,,0.0,,,,,,,,,,,,,,,
goodwill,Crédito mercantil,Goodwill,False,170811000.0,170811000.0,170811000.0,170811000.0,170811000.0,170811000.0,170811000.0,170811000.0,170811000.0,170811000.0,170811000.0,170811000.0,170811000.0,170811000.0,170811000.0,170811000.0,170811000.0,,0.0,,,,,,,,,,,
activos_otros,Otros activos,OtherAssets,False,477723000.0,467877000.0,515291000.0,547172000.0,484748000.0,508729000.0,548986000.0,495861000.0,617631000.0,587150000.0,597700000.0,635677000.0,438403000.0,402259000.0,414426000.0,414873000.0,353967000.0,172001000.0,164240000.0,145342000.0,126331000.0,133267000.0,130611000.0,320643000.0,188938000.0,159850000.0,118497000.0,141388000.0,272083000.0,141842000.0
activos_totales,Activos totales,Assets,True,29660493000.0,29099370000.0,29264046000.0,29232969000.0,29368011000.0,28993918000.0,28847926000.0,28063117000.0,27762080000.0,27480120000.0,27456262000.0,27625818000.0,12365453000.0,12132669000.0,12167458000.0,11840645000.0,11038767000.0,10591750000.0,10474477000.0,9708359000.0,9463092000.0,9336612000.0,9395848000.0,8761104000.0,8529894000.0,8549486000.0,8532377000.0,8318430000.0,8390719000.0,8132514000.0
notas_senior,Notas senior no garantizadas,UnsecuredDebt,False,1495365000.0,1495012000.0,1494659000.0,1494914000.0,1948801000.0,1948161000.0,2192507000.0,2194894000.0,2252872000.0,2251714000.0,2650581000.0,3247076000.0,2248840000.0,2672668000.0,2340116000.0,2339419000.0,1742995000.0,1742459000.0,1741926000.0,,,,1194383000.0,,,,,,,
linea_de_credito,Línea de crédito revolvente,LineOfCredit,False,1617000000.0,1152500000.0,1224000000.0,942000000.0,1211000000.0,978000000.0,1362000000.0,884000000.0,948000000.0,620000000.0,682000000.0,623000000.0,275250000.0,94500000.0,945000000.0,600000000.0,599000000.0,220000000.0,535000000.0,174000000.0,261000000.0,353000000.0,949000000.0,94000000.0,207000000.0,244000000.0,158000000.0,159000000.0,382000000.0,335000000.0
cuentas_por_pagar,Cuentas por pagar y acumulados,AccountsPayableAndAccruedLiabilitiesCurrentAndNoncurrent,False,445144000.0,374814000.0,357583000.0,472831000.0,438062000.0,359495000.0,346519000.0,388757000.0,381941000.0,338027000.0,334518000.0,430124000.0,212416000.0,178156000.0,171680000.0,191183000.0,171918000.0,136856000.0,142285000.0,164674000.0,150091000.0,129044000.0,130012000.0,153838000.0,132257000.0,116069000.0,111382000.0,122658000.0,115056000.0,99302000.0
pasivos_otros,Otros pasivos,OtherLiabilities,False,548626000.0,497553000.0,516969000.0,525509000.0,528205000.0,533353000.0,538865000.0,407183000.0,451826000.0,390894000.0,383463000.0,365028000.0,327366000.0,287475000.0,289655000.0,286657000.0,282200000.0,256716000.0,291531000.0,279668000.0,280049000.0,287461000.0,272798000.0,245602000.0,253246000.0,217104000.0,132768000.0,151591000.0,132757000.0,110158000.0
pasivos_totales,Pasivos totales,Liabilities,True,15483159000.0,14886868000.0,14940010000.0,14736557000.0,14690922000.0,14215415000.0,13988564000.0,13104434000.0,12631240000.0,12191142000.0,12042313000.0,12059117000.0,8330046000.0,8099968000.0,8089184000.0,7771347000.0,7145527000.0,6713586000.0,6688501000.0,6325484000.0,6102137000.0,6021963000.0,6459724000.0,5993282000.0,5784376000.0,5774856000.0,5610683000.0,5410441000.0,5561908000.0,5358702000.0
capital_preferente,Capital preferente,PreferredStockValue,False,0.0,0.0,0.0,0.0,0.0,0.0,0.0,0.0,0.0,0.0,0.0,0.0,0.0,0.0,0.0,0.0,0.0,0.0,0.0,0.0,0.0,0.0,0.0,0.0,0.0,0.0,0.0,0.0,0.0,0.0
capital_comun,Capital social,CommonStockValue,False,2113000.0,2112000.0,2112000.0,2123000.0,2123000.0,2122000.0,2120000.0,2120000.0,2120000.0,2117000.0,2113000.0,2113000.0,1351000.0,1350000.0,1339000.0,1339000.0,1339000.0,1343000.0,1339000.0,1338000.0,1337000.0,1336000.0,1314000.0,1291000.0,1291000.0,1290000.0,1295000.0,1294000.0,1285000.0,1274000.0
prima_en_acciones,Prima en colocación de acciones,AdditionalPaidInCapitalCommonStock,False,14886836000.0,14882445000.0,14880646000.0,14867437000.0,14860946000.0,14851126000.0,14831946000.0,14823018000.0,14810938000.0,14776888000.0,14750388000.0,14742973000.0,3383303000.0,3376458000.0,3345332000.0,3339961000.0,3334317000.0,3329608000.0,3285948000.0,3283848000.0,3288852000.0,3282255000.0,3000458000.0,2889592000.0,2884940000.0,2872933000.0,2868681000.0,2861611000.0,2756799000.0,2648723000.0
utilidades_retenidas,Utilidades retenidas (déficit),RetainedEarningsAccumulatedDeficit,False,-1630873000.0,-1552391000.0,-1449172000.0,-1253277000.0,-1075430000.0,-972665000.0,-899337000.0,-817865000.0,-667667000.0,-510150000.0,-379015000.0,-252877000.0,-175941000.0,-159556000.0,-135872000.0,-139250000.0,-159091000.0,-127193000.0,-128245000.0,-229269000.0,-250271000.0,-284442000.0,-354900000.0,-392891000.0,-391285000.0,-362264000.0,-301049000.0,-296752000.0,-288399000.0,-277655000.0
otro_resultado_integral,Otro resultado integral acumulado,AccumulatedOtherComprehensiveIncomeLossNetOfTax,False,-181000.0,314000.0,-420000.0,1338000.0,3203000.0,6204000.0,12806000.0,3340000.0,27241000.0,28191000.0,17435000.0,44912000.0,47065000.0,35081000.0,48798000.0,48521000.0,25555000.0,6457000.0,-42546000.0,-64155000.0,-71830000.0,-77180000.0,-99093000.0,-108708000.0,-119256000.0,-113840000.0,-28966000.0,-43439000.0,-27476000.0,11807000.0
capital_contable,Capital contable de la controladora,StockholdersEquity,True,13257895000.0,13332480000.0,13433166000.0,13617621000.0,13790842000.0,13886787000.0,13947535000.0,14010613000.0,14172632000.0,14297046000.0,14390921000.0,14537121000.0,3255778000.0,3253333000.0,3259597000.0,3250571000.0,3202120000.0,3210215000.0,3116496000.0,2991762000.0,2968088000.0,2921969000.0,2547779000.0,2389284000.0,2375690000.0,2398119000.0,2539961000.0,2522714000.0,2442209000.0,2384149000.0
capital_total,Capital contable total,StockholdersEquityIncludingPortionAttributableToNoncontrollingInterest,True,14177334000.0,14212502000.0,14324036000.0,14496412000.0,14677089000.0,14778503000.0,14859362000.0,14958683000.0,15130840000.0,15288978000.0,15413949000.0,15566701000.0,4035407000.0,4032701000.0,4078274000.0,4069298000.0,3893240000.0,3878164000.0,3785976000.0,3382875000.0,3360955000.0,3314649000.0,2936124000.0,2767822000.0,2745518000.0,2774630000.0,2921694000.0,2907989000.0,2828811000.0,2773812000.0
pasivo_mas_capital,Pasivo más capital,LiabilitiesAndStockholdersEquity,True,29660493000.0,29099370000.0,29264046000.0,29232969000.0,29368011000.0,28993918000.0,28847926000.0,28063117000.0,27762080000.0,27480120000.0,27456262000.0,27625818000.0,12365453000.0,12132669000.0,12167458000.0,11840645000.0,11038767000.0,10591750000.0,10474477000.0,9708359000.0,9463092000.0,9336612000.0,9395848000.0,8761104000.0,8529894000.0,8549486000.0,8532377000.0,8318430000.0,8390719000.0,8132514000.0
