senal,familia,regla,muestra,desde,hasta,tir_aportar_siempre,caida_aportar_siempre,tir_nuevo,mejora_nuevo,caida_nuevo,exposicion_nuevo,cambios_nuevo,tir_rebalanceo,mejora_rebalanceo,caida_rebalanceo,exposicion_rebalanceo,cambios_rebalanceo,tir_mezcla_fija,mejora_contra_mezcla_fija,caida_mezcla_fija,mejora_rebalanceo_con_rezago,mejora_rebalanceo_doble_costo,apuestas_efectivas,r2_1m,clark_west_p_1m,r2_3m,clark_west_p_3m,r2_12m,clark_west_p_12m,pasa
yield de los REITs,valuacion,fuera en el quintil peor (20%),desarrollo,1972-01-31,2015-12-31,0.1065330866,-0.6894232228,0.1071393615,0.0006062749628,-0.6487110764,0.9702785735,35,0.05753442379,-0.04899866279,-0.4165009488,0.559772296,35,0.07672240217,-0.01918797838,-0.4434942703,-0.04365770197,-0.05153045648,35,-0.00422751004,0.9049667153,-0.0136229714,0.8401030673,-0.08906627096,0.7315948088,False
yield de los REITs,valuacion,continua con piso de 50%,desarrollo,1972-01-31,2015-12-31,0.1065330866,-0.6894232228,0.1063547714,-0.0001783152243,-0.6884126479,0.99731373,468,0.08181373988,-0.0247193467,-0.5017970698,0.6864911897,468,0.0858570251,-0.004043285224,-0.5253946241,-0.02338581442,-0.02594333674,44,-0.00422751004,0.9049667153,-0.0136229714,0.8401030673,-0.08906627096,0.7315948088,False
yield contra el Treasury,valuacion,fuera en el quintil peor (20%),desarrollo,1972-01-31,2015-12-31,0.1065330866,-0.6894232228,0.1065395075,6.420897787e-06,-0.6894096715,0.983415251,12,0.1022650833,-0.00426800324,-0.6821621056,0.8538899431,12,0.09735426569,0.00491081765,-0.6194244329,-0.007151317263,-0.005145205929,12,-0.00178849744,0.5377536553,-0.005780740688,0.750251193,0.01283861018,0.1156727678,False
yield contra el Treasury,valuacion,continua con piso de 50%,desarrollo,1972-01-31,2015-12-31,0.1065330866,-0.6894232228,0.1063381711,-0.0001949154745,-0.6891920897,0.9976322493,468,0.09286771989,-0.0136653667,-0.6327522972,0.8061848999,468,0.09415601527,-0.001288295379,-0.5941927595,-0.01298291724,-0.01456579257,44,-0.00178849744,0.5377536553,-0.005780740688,0.750251193,0.01283861018,0.1156727678,False
yield contra la tasa real,valuacion,fuera en el quintil peor (20%),desarrollo,1972-01-31,2015-12-31,0.1065330866,-0.6894232228,0.1046466577,-0.001886428908,-0.687803483,0.9848220895,35,0.08406557873,-0.02246750785,-0.6265164539,0.7779886148,35,0.09223279715,-0.008167218415,-0.5787028786,-0.02036509533,-0.025095341,35,-0.00250085295,0.9189656531,-0.00373639305,0.86684248,-0.003515330736,0.8053191171,False
yield contra la tasa real,valuacion,continua con piso de 50%,desarrollo,1972-01-31,2015-12-31,0.1065330866,-0.6894232228,0.1063479398,-0.0001851467863,-0.6891137062,0.9975203298,456,0.08263782181,-0.02389526477,-0.6159786742,0.7245714971,456,0.08853378408,-0.005895962271,-0.5481551133,-0.02369392076,-0.02489154045,44,-0.00250085295,0.9189656531,-0.00373639305,0.86684248,-0.003515330736,0.8053191171,False
yield contra bonos Baa,valuacion,fuera en el quintil peor (20%),desarrollo,1972-01-31,2015-12-31,0.1065330866,-0.6894232228,0.1051565578,-0.001376528751,-0.6894232228,0.9758207492,10,0.09724607771,-0.00928700887,-0.6894232228,0.8842504744,10,0.09935309764,-0.00210701993,-0.6348578237,-0.01031453092,-0.009985179822,10,-0.0003201657252,0.6646428247,-0.00267110684,0.8341136828,-0.001903151759,0.8241987943,False
yield contra bonos Baa,valuacion,continua con piso de 50%,desarrollo,1972-01-31,2015-12-31,0.1065330866,-0.6894232228,0.1063146401,-0.0002184464964,-0.6888737972,0.9976204652,468,0.09156312524,-0.01496996134,-0.5746146137,0.7859070086,468,0.0927753942,-0.00121226896,-0.583096779,-0.01274010324,-0.01603350257,44,-0.0003201657252,0.6646428247,-0.00267110684,0.8341136828,-0.001903151759,0.8241987943,False
spread de default,credito,fuera en el quintil peor (20%),desarrollo,1972-01-31,2015-12-31,0.1065330866,-0.6894232228,0.105036465,-0.001496621564,-0.6894232228,0.9758931176,22,0.08112735767,-0.02540572891,-0.6894232228,0.7931688805,22,0.09327135192,-0.01214399426,-0.5870961922,-0.03182623821,-0.02704918174,22,-0.008157911522,0.6040678427,-0.008363972169,0.3674591101,0.02649343741,0.1820375508,False
spread de default,credito,continua con piso de 50%,desarrollo,1972-01-31,2015-12-31,0.1065330866,-0.6894232228,0.1063876339,-0.0001454526557,-0.6892550738,0.9977207712,468,0.08662246681,-0.01991061977,-0.6441265092,0.7492016175,468,0.09024748039,-0.003625013578,-0.562437321,-0.02136315074,-0.02083295995,44,-0.008157911522,0.6040678427,-0.008363972169,0.3674591101,0.02649343741,0.1820375508,False
cambio del spread de crédito,credito,fuera en el quintil peor (20%),desarrollo,1972-01-31,2015-12-31,0.1065330866,-0.6894232228,0.1062028627,-0.0003302238626,-0.670348507,0.9936113099,37,0.09479145187,-0.01174163471,-0.3941788395,0.844402277,37,0.09672358678,-0.001932134903,-0.614502656,0.0009848183572,-0.01411011043,37,-0.006514704079,0.6355932006,-0.0167567711,0.7318367759,-0.01306947105,0.7513805083,False
cambio del spread de crédito,credito,continua con piso de 50%,desarrollo,1972-01-31,2015-12-31,0.1065330866,-0.6894232228,0.1063515729,-0.0001815136963,-0.6878668966,0.9978106533,456,0.09467142553,-0.01186166105,-0.4417805255,0.7741595361,456,0.0919699468,0.002701478735,-0.5765657693,-0.01148891157,-0.01305298427,44,-0.006514704079,0.6355932006,-0.0167567711,0.7318367759,-0.01306947105,0.7513805083,False
condiciones financieras,credito,fuera en el quintil peor (20%),desarrollo,1972-01-31,2015-12-31,0.1065330866,-0.6894232228,0.1063690676,-0.0001640190198,-0.6801942851,0.997384882,16,0.1157604032,0.009227316608,-0.3941788395,0.9184060721,16,0.1015550749,0.01420532834,-0.6516529004,0.005498845103,0.008045459061,16,3.070777762e-05,0.2976356175,-0.005567124598,0.4786527246,-0.01193355866,0.6417512742,False
condiciones financieras,credito,continua con piso de 50%,desarrollo,1972-01-31,2015-12-31,0.1065330866,-0.6894232228,0.106419195,-0.000113891622,-0.6881167119,0.9983229119,468,0.1014834756,-0.005049610994,-0.4745039598,0.8368184617,468,0.09621718907,0.005266286516,-0.6105343274,-0.0073651568,-0.005713423296,44,3.070777762e-05,0.2976356175,-0.005567124598,0.4786527246,-0.01193355866,0.6417512742,False
crédito bancario a inmuebles,credito,fuera en el quintil peor (20%),desarrollo,1972-01-31,2015-12-31,0.1065330866,-0.6894232228,0.1059804206,-0.000552666032,-0.6735437426,0.9943933123,10,0.1050242016,-0.001508884938,-0.3941788395,0.8918406072,10,0.09984688003,0.005177321614,-0.6386415996,0.004583628824,-0.002527922833,10,-0.01866500009,0.7036914867,-0.07627374342,0.8205740685,-0.1029939565,0.8955372558,False
crédito bancario a inmuebles,credito,continua con piso de 50%,desarrollo,1972-01-31,2015-12-31,0.1065330866,-0.6894232228,0.1065145165,-1.857011032e-05,-0.6877917424,0.999233051,240,0.1006514398,-0.005881646745,-0.4273664578,0.888500278,240,0.09962988524,0.0010215546,-0.636980051,-0.005617718305,-0.006454181006,44,-0.01866500009,0.7036914867,-0.07627374342,0.8205740685,-0.1029939565,0.8955372558,False
bolsa del mes,bolsa,fuera en el quintil peor (20%),desarrollo,1972-01-31,2015-12-31,0.1065330866,-0.6894232228,0.1065117691,-2.131747959e-05,-0.688607489,0.9988641465,138,0.09466795711,-0.01186512948,-0.3941788395,0.8368121442,138,0.09621676647,-0.001548809361,-0.610531009,-0.04930483211,-0.02100979314,44,0.02264257013,0.03777035812,-0.003147406523,0.424512494,-0.005255744507,0.8549523925,False
bolsa del mes,bolsa,continua con piso de 50%,desarrollo,1972-01-31,2015-12-31,0.1065330866,-0.6894232228,0.1065288963,-4.190267796e-06,-0.6885339528,0.9982830196,468,0.09613679094,-0.01039629565,-0.4900099232,0.7847609922,468,0.09269695809,0.003439832842,-0.5824629854,-0.02718348085,-0.01527912826,44,0.02264257013,0.03777035812,-0.003147406523,0.424512494,-0.005255744507,0.8549523925,False
tendencia de 10 meses,tendencia,signo,desarrollo,1972-01-31,2015-12-31,0.1065330866,-0.6894232228,0.1072584401,0.0007253534858,-0.6800492016,0.9623154483,54,0.108035823,0.001502736414,-0.2066799774,0.6755218216,54,0.08507996469,0.0229558583,-0.5186830398,-0.01099905407,-0.002003771047,44,-0.01796482145,0.769310539,-0.02679439459,0.8693875818,-0.04655129019,0.7498343004,False
momentum contra el efectivo,tendencia,signo,desarrollo,1972-01-31,2015-12-31,0.1065330866,-0.6894232228,0.1060296477,-0.0005034388884,-0.6677581415,0.9611203873,32,0.1067600524,0.0002269658363,-0.2026571989,0.7324478178,32,0.08908339175,0.01767666067,-0.5527595284,-0.01182838111,-0.001893192594,32,-0.009658352301,0.5661788144,-0.02652955036,0.7427727933,-0.04639421465,0.747262732,False
caro y con tendencia negativa,combinada,fuera si caro y a la baja,desarrollo,1972-01-31,2015-12-31,0.1065330866,-0.6894232228,0.1066159185,8.283193501e-05,-0.6894232228,0.9984269475,8,0.1053872913,-0.001145795239,-0.6894232228,0.9677419355,8,0.1046154224,0.0007718689236,-0.6748779852,-0.005647195272,-0.001839177748,8,0,,0,,0,,False
compuesto de cuatro familias,combinada,continua con piso de 50%,desarrollo,1972-01-31,2015-12-31,0.1065330866,-0.6894232228,0.1065592367,2.615016475e-05,-0.6880351473,0.9992129402,397,0.1065038612,-2.922540665e-05,-0.4510191751,0.8789797001,397,0.09900852181,0.007495339369,-0.6322128211,-0.001530374024,-0.001065887663,44,0.003400028929,0.2950627878,0.001389530745,0.3945718145,-0.001139647998,0.4464564099,False
