regla,hipotesis,muestra,trimestres,escogidos_promedio,elegibles_promedio,tir,tir_todos,mejora,mejora_con_rezago,mejora_doble_costo,mejora_rotando,caida_maxima,caida_maxima_todos,exceso_anual,t_newey_west,recortes,recortes_todos,desplomes,desplomes_todos,apuestas,ic_medio,ic_positivos,exceso_2011_2013,exceso_2013_2015,pasa
momentum,S1,desarrollo,18,30.25,91.31578947,0.107283129,0.09882378035,0.008459348618,0.006372572442,0.008478301386,0.01120082153,-0.1044050544,-0.0984654119,0.04656697001,3.19661716,0.08580858086,0.09641873278,0.00826446281,0.008645533141,36.31872203,0.1332332102,0.6923076923,0.07220813415,0.01738019074,True
apalancamiento,S2,desarrollo,18,29.42105263,91.31578947,0.08520691904,0.09882378035,-0.01361686131,-0.01316759558,-0.01358458198,-0.01488832479,-0.0964805157,-0.0984654119,-0.03113218938,-3.468213009,0.06117021277,0.09641873278,0.01431127013,0.008645533141,105.9554419,-0.108773977,0.1875,-0.04367617822,-0.01640188675,False
distancia_al_default,S3,desarrollo,14,27.6,91.31578947,0.09377043914,0.09882378035,-0.005053341213,-0.002638026947,-0.005031863893,-0.002284263032,-0.08860282829,-0.0984654119,-0.0506023144,0.04349790043,0.04529616725,0.09641873278,0.01690821256,0.008645533141,42.35709812,-0.05415390014,0.4166666667,-0.1386171758,0.03486264074,False
volatilidad,S4,desarrollo,18,28.52631579,91.31578947,0.09540602541,0.09882378035,-0.003417754943,-0.003205172532,-0.003402174492,0.001462358253,-0.09557671489,-0.0984654119,-0.02299086458,-1.032007968,0.1101694915,0.09641873278,0.009225092251,0.008645533141,44.73990957,-0.1127010117,0.3125,-0.06675763095,0.02988929157,False
rendimiento_de_la_empresa,S5,desarrollo,18,25.26315789,91.31578947,0.08158207155,0.09882378035,-0.0172417088,-0.01546669018,-0.01722192617,-0.03207024108,-0.09767244943,-0.0984654119,-0.006946076962,-0.3419639471,0.1507246377,0.09641873278,0.01666666667,0.008645533141,115.7061502,0.003837909192,0.4375,0.01985701642,-0.03720754557,False
rendimiento_ffo,S6,desarrollo,18,25.26315789,91.31578947,0.08217065722,0.09882378035,-0.01665312313,-0.0150981461,-0.01664713516,-0.03041147975,-0.09948167628,-0.0984654119,-0.01019623913,-0.6670779038,0.1408045977,0.09641873278,0.01666666667,0.008645533141,103.5198264,-0.02426045055,0.3125,0.01107216673,-0.03431854926,False
rendimiento_del_dividendo,S7,desarrollo,18,25.73684211,91.31578947,0.09022046764,0.09882378035,-0.008603312706,-0.007195954033,-0.008640032588,-0.009768029755,-0.1215141379,-0.0984654119,-0.009523339232,-0.3349196862,0.2068965517,0.09641873278,0.002044989775,0.008645533141,71.50707154,-0.02916648526,0.375,-0.007704526256,-0.01161089747,False
crecimiento_de_activos,S10,desarrollo,18,24.73684211,91.31578947,0.09817542479,0.09882378035,-0.0006483555569,-0.005709085772,-0.0006320136224,0.006283610593,-0.1098751033,-0.0984654119,0.001697494681,0.3833118454,0.1661442006,0.09641873278,0.01276595745,0.008645533141,110.8035368,0.09344714295,0.75,0.002669786319,0.0005692948914,False
rentabilidad,S10,desarrollo,18,25.26315789,91.31578947,0.08697962281,0.09882378035,-0.01184415754,-0.01113312314,-0.01180057593,-0.02270258533,-0.08098717125,-0.0984654119,-0.0196698871,-1.405473356,0.09011627907,0.09641873278,0.01875,0.008645533141,87.55994778,-0.09434675896,0.375,-0.03806927417,0.002031618498,False
tamano,S11,desarrollo,18,31.05263158,91.31578947,0.1048298588,0.09882378035,0.006006078474,0.00505563449,0.006040772135,0.008591957271,-0.09086849652,-0.0984654119,-0.007009912166,-0.2646541761,0.0495049505,0.09641873278,0.008474576271,0.008645533141,50.34097788,-0.09525587964,0.4375,-0.05500412794,0.05121848854,False
yield_contra_su_historia,S12,desarrollo,11,12.18181818,91.31578947,0.1112050972,0.09882378035,0.01238131684,0.01350959156,0.01243199922,0.01970202449,-0.0977871382,-0.0984654119,-0.02880982513,3.855337442,0.07692307692,0.09641873278,0.007462686567,0.008645533141,26.91909664,0.2165180235,0.75,-0.1720826472,0.06046977319,False
crecimiento_del_dividendo,S13,desarrollo,11,12.18181818,91.31578947,0.08198299714,0.09882378035,-0.01684078321,-0.01450343274,-0.01677081413,0.006046202582,-0.1038507688,-0.0984654119,-0.03762701428,2.65427594,0.06060606061,0.09641873278,0.007462686567,0.008645533141,31.80454613,0.3915675554,1,-0.2544765128,0.08487021914,False
payout,S8,desarrollo,18,24.05263158,91.31578947,0.08897521042,0.09882378035,-0.009848569934,-0.009945633308,-0.009825434656,-0.04159584583,-0.0991742452,-0.0984654119,-0.01236768289,-0.6864940835,0.07692307692,0.09641873278,0.01969365427,0.008645533141,87.9294632,0.005485520252,0.4375,0.006467687358,-0.03377001426,False
calidad,S8,desarrollo,13,23.57142857,91.31578947,0.09969195735,0.09882378035,0.0008681770039,0.008369642309,0.0008872741924,-0.009383160015,-0.09650907404,-0.0984654119,-0.06242886166,-0.6164300118,0,0.09641873278,0.02121212121,0.008645533141,43.94449574,,,-0.1615282101,0.02420375364,False
calidad y barato,S8,desarrollo,13,8.428571429,91.31578947,0.06410323742,0.09882378035,-0.03472054293,-0.02554358931,-0.03468209662,-0.09282153795,-0.09695336424,-0.0984654119,-0.1086278103,-4.477248114,0,0.09641873278,0.05084745763,0.008645533141,25.41910077,,,-0.1551349845,-0.05655964218,False
calidad y barato contra su historia,S8,desarrollo,11,5.909090909,91.31578947,0.1067318038,0.09882378035,0.007908023495,0.01709766946,0.00796032976,0.0142240345,-0.09526913891,-0.0984654119,-0.07230269902,0.6569956862,0,0.09641873278,0.01538461538,0.008645533141,10.62567847,,,-0.3108515592,0.06107001508,False
