ticker,fecha,fecha_original,agencia,calificacion,grado_inversion,evento,fuente,fecha_publicacion,url,cita
O,1996-12-01,1996-12,Moody's,Baa3,si,primera calificación con grado de inversión (deuda senior no garantizada),10-K ejercicio 1996,1997-03-26,https://www.sec.gov/Archives/edgar/data/726728/0000726728-97-000007.txt,"The Company received an investment grade corporate senior debt credit rating by Duff & Phelps Rating Company, Moody's Investor Service, Inc., and Standard & Poors in December 1996. Duff & Phelps assigned a rating of BBB, Moody's Baa3, and Standard & Poors BBB-."
O,1996-12-01,1996-12,S&P,BBB-,si,primera calificación con grado de inversión (deuda senior no garantizada),10-K ejercicio 1996,1997-03-26,https://www.sec.gov/Archives/edgar/data/726728/0000726728-97-000007.txt,"The Company received an investment grade corporate senior debt credit rating by Duff & Phelps Rating Company, Moody's Investor Service, Inc., and Standard & Poors in December 1996. Duff & Phelps assigned a rating of BBB, Moody's Baa3, and Standard & Poors BBB-."
O,1996-12-01,1996-12,Duff & Phelps,BBB,si,primera calificación con grado de inversión (deuda senior no garantizada),10-K ejercicio 1996,1997-03-26,https://www.sec.gov/Archives/edgar/data/726728/0000726728-97-000007.txt,"The Company received an investment grade corporate senior debt credit rating by Duff & Phelps Rating Company, Moody's Investor Service, Inc., and Standard & Poors in December 1996. Duff & Phelps assigned a rating of BBB, Moody's Baa3, and Standard & Poors BBB-."
O,1998-10-23,1998-10-23,S&P / Moody's / Duff & Phelps,BBB- / Baa3 / BBB,si,confirmada (calificación de notas Monthly Income Senior Notes 8 1/4% 2008),Suplemento de prospecto 424B2 de notas (fechado 23-oct-1998),1998-10-26,https://www.sec.gov/Archives/edgar/data/726728/0001047469-98-038138.txt,"The notes will be rated BBB- by Standard & Poor's Ratings Group, Baa3 by Moody's Investors Service, Inc., and BBB by Duff & Phelps Credit Rating Company."
O,2002-11-08,2002-11-08,Fitch / Moody's / S&P,BBB / Baa3 / BBB-,si,confirmada (última mención de Baa3 antes de la subida),10-Q 3T2002,2002-11-08,https://www.sec.gov/Archives/edgar/data/726728/000072672802000010/thirdqtr10q.txt,"Currently, Fitch has assigned a rating of BBB, Moody's has assigned a rating of Baa3 and Standard & Poor's has assigned a rating of BBB- to our senior notes."
O,2003-02-01,2003-02,Moody's,Baa2,si,sube a Baa2 desde Baa3,"Comunicado de resultados 1T2003 (anexo 99.1 de 8-K, fechado 1-may-2003)",2003-05-05,https://www.sec.gov/Archives/edgar/data/726728/000110465903008085/j0246_ex99d1.htm,"In February 2003, Realty Income received an upgrade in its credit ratings from Moody's Investors Service. The Company's senior unsecured debt rating was raised to Baa2 from Baa3 and its preferred stock ratings were raised to Baa3 from Ba1, with a stable outlook."
O,2003-11-01,2003-11,S&P,BBB,si,sube a BBB desde BBB-,Comunicado de resultados 4T2003 (anexo 99.1 de 8-K),2004-02-17,https://www.sec.gov/Archives/edgar/data/726728/000110465904004697/a04-2549_1ex99d1.htm,"In November 2003, Realty Income received a ratings upgrade from Standard & Poor's Ratings Group. The Company's senior unsecured debt ratings were raised to BBB from BBB-."
O,2005-09-01,2005-09,Fitch,BBB+,si,sube a BBB+ desde BBB (contexto),10-Q 3T2005,2005-11-02,https://www.sec.gov/Archives/edgar/data/726728/000110465905051971/a05-17999_110q.htm,"In September 2005, our credit ratings were upgraded by Fitch Ratings. Our senior unsecured debt rating was raised to BBB+ from BBB and our preferred stock rating was raised to BBB from BBB- with a stable outlook."
O,2007-04-27,2007-04-27,Moody's,Baa1,si,sube a Baa1 desde Baa2,"Comunicado de resultados 1T2007 (anexo 99.1 de 8-K, fechado 2-may-2007)",2007-05-03,https://www.sec.gov/Archives/edgar/data/726728/000110465907035236/a07-13035_1ex99d1.htm,"On April 27, 2007, Moody's Investors Service announced an upgrade in the Company's senior unsecured debt rating to Baa1 from Baa2 and in its preferred stock rating to Baa2 from Baa3, with a stable outlook."
O,2009-07-30,2009-07-30,Fitch / Moody's / S&P,BBB+ / Baa1 / BBB,si,confirmada (crisis financiera; perspectivas estables),10-Q 2T2009,2009-07-30,https://www.sec.gov/Archives/edgar/data/726728/000072672809000049/riq209_10q.htm,"Fitch Ratings has assigned a rating of BBB+, Moody's Investors Service has assigned a rating of Baa1 and Standard & Poor's Ratings Group has assigned a rating of BBB to our senior notes. All of these ratings have ""stable"" outlooks."
O,2012-10-02,2012-10-02,Moody's / S&P / Fitch,Baa1 (negativa) / BBB (estable) / BBB+ (estable),si,confirmada; Moody's con perspectiva negativa (no es pérdida de grado de inversión),"Term sheet FWP notas 2,000% 2018 y 3,250% 2022",2012-10-02,https://www.sec.gov/Archives/edgar/data/726728/000110465912067051/a12-22274_3fwp.htm,"Baa1 by Moody's Investors Service, Inc. (negative outlook) BBB by Standard & Poor's Ratings Services (stable outlook) BBB+ by Fitch Ratings (stable outlook)"
O,2013-06-01,2013-06,S&P,BBB+,si,sube a BBB+ desde BBB,Comunicado de resultados 2T2013 (anexo 99.1 de 8-K),2013-07-25,https://www.sec.gov/Archives/edgar/data/726728/000110465913056584/a13-17005_1ex99d1.htm,"In June 2013, Realty Income received a ratings upgrade from Standard & Poor's Ratings Services to BBB+ from BBB on the company's senior unsecured debt ratings, and to BBB- from BB+ on its preferred stock ratings, with a stable outlook."
O,2017-11-21,2017-11-21,Moody's,A3,si,sube a A3 desde Baa1,Suplemento de prospecto 424B5 de notas (fechado 29-nov-2017),2017-11-29,https://www.sec.gov/Archives/edgar/data/726728/000104746917007345/a2233915z424b5.htm,"On November 21, 2017, Moody's Investors Service upgraded its assigned corporate credit rating on our senior unsecured notes and bonds from Baa1 with a 'positive' outlook to A3 with a 'stable' outlook."
O,2018-07-01,2018-07/2018-09,S&P,A-,si,"sube a A- desde BBB+ (el documento solo dice 'durante el trimestre', 3T2018)",Comunicado de resultados 3T2018 (anexo 99.1 de 8-K),2018-10-31,https://www.sec.gov/Archives/edgar/data/726728/000072672818000105/realtyincomeexhibit991q320.htm,"Our consistent track record of performance and the stability of our portfolio contributed to S&P raising our credit rating to 'A-' during the quarter, placing us among only a few REITs with two 'A' ratings."
O,2026-06-29,2026-06-29,Moody's / S&P,A3 (estable) / A- (estable),si,confirmada (situación más reciente encontrada),"Term sheet FWP notas 3,625% 2032",2026-06-29,https://www.sec.gov/Archives/edgar/data/726728/000110465926078806/tm2613710d5_fwp.htm,"A3 by Moody's Investors Service, Inc. (stable outlook) ... A- by S&P Global Ratings (stable outlook)"
NNN,1998-01-01,1998-01/1998-03,S&P / Moody's / Fitch IBCA,grado de inversión (nivel no indicado),si,primera calificación con grado de inversión (deuda senior no garantizada); el documento no da los niveles,10-Q 1T1998 (Commercial Net Lease Realty),1998-05-15,https://www.sec.gov/Archives/edgar/data/751364/0000751364-98-000003.txt,"During the quarter ended March 31, 1998, the Company received investment grade ratings from Standard and Poor's, Moody's Investor Service and Fitch IBCA on its senior, unsecured debt."
NNN,2001-08-01,2001-08-01,Moody's,Baa3,si,primer documento hallado con el nivel de la calificación (confirmada),S-4 fusión con Captec Net Lease,2001-08-01,https://www.sec.gov/Archives/edgar/data/751364/000095013301502040/w51486s4s-4.txt,"In addition, CNLR has unsecured debt ratings of BBB- by Standard & Poors, Baa3 by Moody's and BBB by Fitch."
NNN,2001-08-01,2001-08-01,S&P,BBB-,si,primer documento hallado con el nivel de la calificación (confirmada),S-4 fusión con Captec Net Lease,2001-08-01,https://www.sec.gov/Archives/edgar/data/751364/000095013301502040/w51486s4s-4.txt,"In addition, CNLR has unsecured debt ratings of BBB- by Standard & Poors, Baa3 by Moody's and BBB by Fitch."
NNN,2001-08-01,2001-08-01,Fitch,BBB,si,primer documento hallado con el nivel de la calificación (confirmada),S-4 fusión con Captec Net Lease,2001-08-01,https://www.sec.gov/Archives/edgar/data/751364/000095013301502040/w51486s4s-4.txt,"In addition, CNLR has unsecured debt ratings of BBB- by Standard & Poors, Baa3 by Moody's and BBB by Fitch."
NNN,2002-05-30,2002-05-30,Moody's / S&P / Fitch,Baa3 / BBB- / BBB-,si,confirmada Moody's/S&P; Fitch aparece en BBB- (antes BBB en oct-2001): baja dentro del grado de inversión,"Suplemento de prospecto 424B3 notas 7,75% 2012 (fechado 30-may-2002)",2002-06-04,https://www.sec.gov/Archives/edgar/data/751364/000095013302002186/w61245e424b3.txt,"The ratings currently assigned to certain of our long-term senior unsecured debt are as follows: Moody's Investor Service, Inc.: Baa3, Standard & Poor's Rating Services: BBB- and Fitch Incorporated: BBB-."
NNN,2003-03-28,2003-03-28,S&P / Moody's / Fitch IBCA,grado de inversión,si,confirmada: grado de inversión mantenido sin interrupción desde 1998,"10-K ejercicio 2002 (anexo 13, informe anual)",2003-03-28,https://www.sec.gov/Archives/edgar/data/751364/000075136403000060/ex13_annualreport2002.htm,"The Company has maintained investment grade debt ratings from Standard and Poor's, Moody's Investor Service and Fitch IBCA on its senior, unsecured debt since 1998."
NNN,2007-09-04,2007-09-04,Moody's / S&P / Fitch,Baa3 (positiva) / BBB- (estable) / BBB- (positiva),si,confirmada (sigue en el escalón mínimo del grado de inversión),"Term sheet FWP notas 6,875% 2017",2007-09-05,https://www.sec.gov/Archives/edgar/data/751364/000095013307003756/w39348fwp.htm,Expected Ratings (Moody's/S&P/Fitch): Baa3 (positive) / BBB- (stable) / BBB- (positive)
NNN,2008-06-01,2008-06,Moody's,Baa2,si,sube a Baa2 desde Baa3,Comunicado de resultados 2008 (anexo 99.1 de 8-K),2009-02-03,https://www.sec.gov/Archives/edgar/data/751364/000119312509016998/dex991.htm,"In June 2008, Moody's Investors Service upgraded the Company's senior unsecured debt rating to Baa2 and the preferred stock rating to Baa3"
NNN,2011-06-01,2011-06,S&P,BBB,si,sube a BBB desde BBB-,Comunicado de resultados 2T2011 (anexo 99.1 de 8-K),2011-08-04,https://www.sec.gov/Archives/edgar/data/751364/000119312511209359/dex991.htm,"June 2011 - Standard & Poor's Ratings Services upgraded its corporate credit rating and unsecured debt rating to ""BBB"" from ""BBB-"""
NNN,2013-01-01,2013-01,Fitch,BBB+,si,sube a BBB+ (contexto); Moody's pasa a perspectiva positiva,Comunicado de resultados 2012 (anexo 99.1 de 8-K),2013-02-07,https://www.sec.gov/Archives/edgar/data/751364/000075136413000004/ex991-12312012.htm,"In January 2013, Fitch Ratings upgraded NNN's unsecured debt rating to BBB+ and Moody's Investors Service revised NNN's rating outlook to positive"
NNN,2013-11-01,2013-11,Moody's,Baa1,si,sube a Baa1 desde Baa2,Comunicado de resultados 2013 (anexo 99.1 de 8-K),2014-02-11,https://www.sec.gov/Archives/edgar/data/751364/000075136414000003/ex991-12312013.htm,"In November 2013, Moody's Investors Service upgraded NNN's unsecured debt rating to Baa1"
NNN,2014-07-17,2014-07-17,S&P,BBB+,si,sube a BBB+ desde BBB,Comunicado de resultados 2T2014 (anexo 99.1 de 8-K),2014-08-05,https://www.sec.gov/Archives/edgar/data/751364/000075136414000019/exhibit991-8xkx20140630.htm,"On July 17, 2014, Standard & Poor's Rating Services raised National Retail Properties unsecured debt rating to BBB+."
NNN,2021-03-01,2021-03-01,Moody's / S&P / Fitch,Baa1 / BBB+ / BBB+,si,confirmada (después de COVID-19),"Term sheet FWP notas 3,500% 2051",2021-03-01,https://www.sec.gov/Archives/edgar/data/751364/000119312521063795/d623624dfwp.htm,Expected Ratings: (Moody's / S&P / Fitch)1: Baa1 / BBB+ / BBB+
NNN,2025-06-24,2025-06-24,Moody's / S&P,Baa1 / BBB+,si,confirmada (situación más reciente encontrada),Term sheet FWP notas senior no garantizadas,2025-06-24,https://www.sec.gov/Archives/edgar/data/751364/000119312525145787/d10721dfwp.htm,Expected Ratings (Moody's / S&P): Baa1 / BBB+
WPC,2011-12-28,2011-12-28,ninguna (línea de crédito),sin calificación de grado de inversión,no,aún sin calificación de grado de inversión; el documento no dice si estaba sin calificar o calificada por debajo,8-K línea de crédito (fecha del informe 28-dic-2011),2012-01-04,https://www.sec.gov/Archives/edgar/data/1025378/000119312512002252/d275484d8k.htm,"Prior to W. P. Carey obtaining an Investment Grade Debt Rating (as such term is defined in the Credit Facility), the Applicable Rate on Eurocurrency Rate loans and letters of credit ranges from 1.75% to 2.50%..."
WPC,2013-11-15,2013-11-15,ninguna (línea de crédito),sin calificación de grado de inversión,no,"aún sin calificación de grado de inversión (MD&A 2012 refundido; el texto puede reflejar la fecha del 10-K original, feb-2013)",8-K con MD&A 2012 refundido (anexo 99.2),2013-11-15,https://www.sec.gov/Archives/edgar/data/1025378/000110465913084917/a13-23467_7ex99d2.htm,"Prior to us obtaining an Investment Grade Debt Rating (as defined in the Amended and Restated Credit Agreement), the Applicable Rate on Eurocurrency Rate loans and letters of credit ranges from 1.75% to 2.50% (based on LIBOR)"
WPC,2014-01-01,2014-01,S&P,BBB (estable),si,primera calificación con grado de inversión (día exacto no indicado; a más tardar 27-ene-2014),Presentación a inversores ene-2014 (anexo 99.2 de 8-K),2014-01-27,https://www.sec.gov/Archives/edgar/data/1025378/000110465914004178/a14-4355_1ex99d2.htm,"In January 2014, WPC received investment grade ratings of BBB / Baa2 from S&P and Moody's, respectively"
WPC,2014-01-01,2014-01,Moody's,Baa2 (estable),si,primera calificación con grado de inversión (día exacto no indicado; a más tardar 27-ene-2014),Presentación a inversores ene-2014 (anexo 99.2 de 8-K),2014-01-27,https://www.sec.gov/Archives/edgar/data/1025378/000110465914004178/a14-4355_1ex99d2.htm,"In January 2014, WPC received investment grade ratings of BBB / Baa2 from S&P and Moody's, respectively"
WPC,2014-02-03,2014-02-03,no especificada,Investment Grade Debt Rating,si,confirmada: ya obtenida al cierre de la fusión con CPA:16 (31-ene-2014),8-K nueva línea de crédito (fecha del informe 3-feb-2014),2014-02-04,https://www.sec.gov/Archives/edgar/data/1025378/000110465914006108/a14-4913_18k.htm,"Since W. P. Carey had obtained an Investment Grade Debt Rating as of the Closing Date, for borrowings under the Revolving Loan Facility, the Applicable Rate on Eurocurrency Rate loans and letters of credit ranges from 0.925% to 1.70%"
WPC,2014-01-01,2014-01,S&P / Moody's,BBB (corporativa) / Baa2 (emisor),si,"confirmada (detalle: corporativa S&P BBB, emisor Moody's Baa2, perspectiva estable)",Suplemento de información 4T2013 (anexo de 8-K),2014-03-03,https://www.sec.gov/Archives/edgar/data/1025378/000102537814000012/wpc2013q48-ksupplementalex.htm,"In January 2014, WPC received an investment grade corporate rating of BBB with a stable outlook from Standard & Poor's Rating Services and an investment grade issuer rating of Baa2 with a stable outlook from Moody's Investors Service."
WPC,2014-03-11,2014-03-11,Moody's / S&P,Baa2 (estable) / BBB- (estable),si,primeras notas calificadas; S&P califica las notas BBB- (un escalón bajo la corporativa BBB),"Term sheet FWP notas 4,600% 2024",2014-03-11,https://www.sec.gov/Archives/edgar/data/1025378/000110465914018442/a14-7748_3fwp.htm,"Baa2 (Stable) by Moody's Investors Service, Inc. and BBB- (Stable) by Standard & Poor's"
WPC,2020-10-06,2020-10-06,Moody's / S&P,Baa2 / BBB,si,confirmada,Term sheet FWP notas senior no garantizadas,2020-10-06,https://www.sec.gov/Archives/edgar/data/1025378/000110465920112640/tm2031692-2_fwp.htm,Expected Ratings (Moody's / S&P)*: Baa2 / BBB
WPC,2022-09-26,2022-09-26,Moody's,Baa1 (estable),si,sube a Baa1 desde Baa2 (perspectiva positiva); el comunicado llama 'initial investment grade rating' a la de 2014,Comunicado de prensa del emisor (PR Newswire),2022-09-26,https://www.prnewswire.com/news-releases/w-p-carey-inc-announces-ratings-upgrade-to-baa1-by-moodys-investors-service-301632663.html,"Moody's Investors Service (Moody's) has upgraded the company's senior unsecured debt and issuer ratings from Baa2 with a positive outlook, to Baa1 with a stable outlook. ... ""We're pleased with this upgrade, which affirms W. P. Carey's sustained positive trajectory since receiving our initial investment grade rating in 2014."""
WPC,2023-01-23,2023-01-23,S&P,BBB+ (estable),si,sube a BBB+ desde BBB (perspectiva positiva),Comunicado de prensa del emisor (PR Newswire),2023-01-23,https://www.prnewswire.com/news-releases/w-p-carey-inc-announces-ratings-upgrade-to-bbb-by-standard--poors-301727676.html,"S&P Global Ratings (S&P) has upgraded the company's issuer credit rating and the issue-level rating on its unsecured notes from BBB with a positive outlook, to BBB+ with a stable outlook."
WPC,2026-07-28,2026-07-28,Moody's / S&P,Baa1 (estable) / BBB+ (estable),si,confirmada (situación más reciente encontrada),Presentación a inversores 2T2026 (anexo de 8-K),2026-07-28,https://www.sec.gov/Archives/edgar/data/1025378/000102537826000114/investorpresentation2q26.htm,Investment grade rated Baa1 (stable) by Moody's and BBB+ (stable) by S&P
