linea,etiqueta,tag_gaap,subtotal,2026-03-31,2025-12-31,2025-09-30,2025-06-30,2025-03-31,2024-12-31,2024-09-30,2024-06-30,2024-03-31,2023-12-31,2023-09-30,2023-06-30,2023-03-31,2022-12-31,2022-09-30,2022-06-30,2022-03-31,2021-12-31,2021-09-30,2021-06-30,2021-03-31,2020-12-31,2020-09-30,2020-06-30,2020-03-31,2019-12-31,2019-09-30,2019-06-30,2019-03-31
inmuebles_bruto,"Inmuebles, costo",RealEstateInvestmentPropertyAtCost,False,95241445000.0,95129356000.0,95037476000.0,94332511000.0,92741391000.0,91246176000.0,92093573000.0,89733809000.0,89427505000.0,88666575000.0,87021585000.0,86550420000.0,82385546000.0,81623396000.0,55954870000.0,55271030000.0,53543018000.0,53005190000.0,52458694000.0,51522563000.0,50459365000.0,50384328000.0,49106359000.0,48578812000.0,48112299000.0,35224414000.0,34911650000.0,34895051000.0,34395698000.0
depreciacion_acumulada,Depreciación acumulada,RealEstateInvestmentPropertyAccumulatedDepreciation,False,15298353000.0,14729149000.0,14345033000.0,13827462000.0,13290678000.0,12758159000.0,12332799000.0,11869054000.0,11430899000.0,10931485000.0,10439374000.0,9977207000.0,9508351000.0,9036085000.0,8558576000.0,8251995000.0,7941540000.0,7668187000.0,7404304000.0,7108954000.0,6823824000.0,6539156000.0,6229744000.0,5931378000.0,5662351000.0,5437662000.0,5287640000.0,5085219000.0,4868611000.0
inmuebles_neto,"Inmuebles, neto",RealEstateInvestmentPropertyNet,True,79943092000.0,80400207000.0,80692443000.0,80505049000.0,79450713000.0,78488017000.0,79760774000.0,77864755000.0,77996606000.0,77735090000.0,76582211000.0,76573213000.0,72877195000.0,72587311000.0,47396294000.0,47019035000.0,45601478000.0,45337003000.0,45054390000.0,44413609000.0,43635541000.0,43845172000.0,42876615000.0,42647434000.0,42449948000.0,29786752000.0,29624010000.0,29809832000.0,29527087000.0
efectivo,Efectivo y equivalentes,CashAndCashEquivalentsAtCarryingValue,False,861144000.0,1145647000.0,1186022000.0,1066081000.0,671117000.0,1318591000.0,780871000.0,598347000.0,500589000.0,530000000.0,740841000.0,531110000.0,522501000.0,278000000.0,636282000.0,437515000.0,1912750000.0,556000000.0,585071000.0,601446000.0,676074000.0,598000000.0,940193000.0,549129000.0,807871000.0,1088855000.0,1024994000.0,401190000.0,251030000.0
cuentas_por_cobrar,Cuentas por cobrar,AccountsReceivableNet,False,,601344000.0,,,,407464000.0,,,,325698000.0,,,,377996000.0,,,,424240000.0,,,,189356000.0,,,,85835000.0,,,
intangibles_arrendamiento,Intangibles de arrendamiento,FiniteLivedIntangibleAssetsNet,False,,1495510000.0,,,,1562584000.0,,,,1679563000.0,,,,1733025000.0,,,,989106000.0,,,,1053041000.0,,,,671344000.0,,,
activos_otros,Otros activos,OtherAssets,False,5587693000.0,5881122000.0,5560768000.0,5274405000.0,5038705000.0,5194342000.0,4944799000.0,4793551000.0,4739221000.0,4749735000.0,4736775000.0,4739886000.0,4706985000.0,4801499000.0,3639468000.0,3460006000.0,3212968000.0,3312454000.0,3153215000.0,2922810000.0,2850603000.0,2949009000.0,2418939000.0,2377978000.0,2428955000.0,1711857000.0,1676306000.0,1678422000.0,1717255000.0
activos_totales,Activos totales,Assets,True,98133451000.0,98724256000.0,98341141000.0,97717050000.0,95993391000.0,95328909000.0,95905196000.0,93537418000.0,93310310000.0,93020840000.0,91949409000.0,92392041000.0,88520884000.0,87897448000.0,60945529000.0,59763817000.0,59779871000.0,58486220000.0,57016670000.0,56441385000.0,55732809000.0,56065005000.0,55759598000.0,55221857000.0,55007247000.0,40031850000.0,39448185000.0,38706750000.0,38392112000.0
notas_senior,Notas senior no garantizadas,SeniorNotes,False,,,,,,,,,,,,,,,,,,,,,,14300000000.0,,,,9700000000.0,9400000000.0,8400000000.0,8300000000.0
linea_de_credito,Línea de crédito revolvente,LineOfCredit,False,,,,,,,,,1031000000.0,979000000.0,213000000.0,630000000.0,213000000.0,1538000000.0,520000000.0,612000000.0,0.0,491000000.0,100000000.0,0.0,53000000.0,172000000.0,40000000.0,115000000.0,53000000.0,184000000.0,0.0,113000000.0,26000000.0
deuda_total,Deuda total,LongTermDebt,True,34669592000.0,35037073000.0,35302901000.0,34666551000.0,32262055000.0,30879263000.0,32289832000.0,29904620000.0,29557667000.0,29000501000.0,27578197000.0,28129473000.0,25153342000.0,23875961000.0,18139299000.0,18040832000.0,18368538000.0,215300000.0,17135668000.0,16985305000.0,16503458000.0,16849076000.0,16518126000.0,15666872000.0,15676592000.0,11905877000.0,11459223000.0,10968320000.0,10706139000.0
cuentas_por_pagar,Cuentas por pagar y acumulados,AccountsPayableAndAccruedLiabilitiesCurrentAndNoncurrent,False,1681047000.0,1963645000.0,1847369000.0,1627999000.0,1620366000.0,1769327000.0,1808142000.0,1647877000.0,1752485000.0,1766018000.0,1721108000.0,1582205000.0,1507748000.0,1711885000.0,1318378000.0,1042086000.0,1206224000.0,1252767000.0,1441776000.0,1304539000.0,1138924000.0,1143372000.0,1119124000.0,1140569000.0,888341000.0,704954000.0,808898000.0,740941000.0,695761000.0
pasivos_otros,Otros pasivos,OtherLiabilities,False,3834320000.0,3969530000.0,3978762000.0,4115686000.0,4035532000.0,4063549000.0,4143130000.0,4061600000.0,4203040000.0,4430601000.0,4389242000.0,4602539000.0,4394565000.0,4446509000.0,1881531000.0,1806961000.0,1742907000.0,1776189000.0,1681752000.0,1670737000.0,1705224000.0,1747977000.0,1184507000.0,1179657000.0,1168332000.0,877601000.0,812365000.0,816886000.0,773810000.0
pasivos_totales,Pasivos totales,Liabilities,True,40184959000.0,40970248000.0,41129032000.0,40410236000.0,37917953000.0,36712139000.0,38241104000.0,35614097000.0,35513192000.0,35197120000.0,33688547000.0,34314217000.0,31055655000.0,30034355000.0,21339208000.0,20889879000.0,21317669000.0,20744010000.0,20259196000.0,19960581000.0,19347606000.0,19740425000.0,19270291000.0,18475648000.0,18231377000.0,13960066000.0,13512608000.0,12929317000.0,12568051000.0
capital_preferente,Capital preferente,PreferredStockValue,False,63948000.0,63948000.0,63948000.0,63948000.0,63948000.0,63948000.0,63948000.0,63948000.0,63948000.0,63948000.0,63948000.0,63948000.0,63948000.0,63948000.0,63948000.0,63948000.0,63948000.0,63948000.0,63948000.0,63948000.0,63948000.0,63948000.0,63948000.0,68948000.0,68948000.0,68948000.0,68948000.0,68948000.0,68948000.0
capital_comun,Capital social,CommonStockValue,False,9323000.0,9292000.0,9287000.0,9280000.0,9279000.0,9263000.0,9261000.0,9259000.0,9258000.0,9244000.0,9240000.0,9239000.0,9235000.0,9231000.0,7404000.0,7404000.0,7402000.0,7398000.0,7393000.0,7390000.0,7397000.0,7394000.0,7390000.0,7387000.0,7386000.0,6318000.0,6317000.0,6311000.0,6307000.0
prima_en_acciones,Prima en colocación de acciones,AdditionalPaidInCapital,False,54830655000.0,54698641000.0,54658643000.0,54604092000.0,54556451000.0,54464055000.0,54422574000.0,54392526000.0,54336001000.0,54249801000.0,54197865000.0,54115592000.0,54058036000.0,54065407000.0,35606319000.0,35573940000.0,35546263000.0,35561608000.0,35526671000.0,35432843000.0,35454066000.0,35488634000.0,35456223000.0,35424401000.0,35416341000.0,25719427000.0,25693652000.0,25651666000.0,25654449000.0
utilidades_retenidas,Utilidades retenidas (déficit),RetainedEarningsAccumulatedDeficit,False,-921028000.0,-902427000.0,-1360237000.0,-1183239000.0,-812880000.0,-465913000.0,-851763000.0,-964620000.0,-933159000.0,-627068000.0,-449439000.0,-390779000.0,-799577000.0,-457695000.0,-312945000.0,-740764000.0,-764425000.0,-1327828000.0,-2107989000.0,-2363348000.0,-2495343000.0,-2394690000.0,-2245921000.0,-2115679000.0,-2090881000.0,-2151168000.0,-2201461000.0,-2317008000.0,-2366015000.0
otro_resultado_integral,Otro resultado integral acumulado,AccumulatedOtherComprehensiveIncomeLossNetOfTax,False,-479497000.0,-676276000.0,-736100000.0,-765507000.0,-349588000.0,-120215000.0,-572251000.0,-156053000.0,-285395000.0,-514201000.0,-185783000.0,-332370000.0,-496424000.0,-443609000.0,-71626000.0,-328761000.0,-681120000.0,-878253000.0,-983906000.0,-1035120000.0,-1021551000.0,-1193739000.0,-1184465000.0,-1142129000.0,-1142352000.0,-990398000.0,-1050246000.0,-1079109000.0,-1029206000.0
participacion_no_controladora,Participación no controladora,MinorityInterest,False,4445091000.0,4560830000.0,4576568000.0,4578240000.0,4608228000.0,4665632000.0,4592323000.0,4578261000.0,4606465000.0,4641996000.0,4625031000.0,4612194000.0,4630011000.0,4625811000.0,4313221000.0,4298171000.0,4290134000.0,4315337000.0,4251357000.0,4375091000.0,4376686000.0,4353033000.0,4392132000.0,4503281000.0,4516428000.0,3418657000.0,3418367000.0,3446625000.0,3489578000.0
capital_contable,Capital contable de la controladora,StockholdersEquity,True,53503401000.0,53193178000.0,52635541000.0,52728574000.0,53467210000.0,53951138000.0,53071769000.0,53345060000.0,53190653000.0,53181724000.0,53635831000.0,53465630000.0,52835218000.0,53237282000.0,35293100000.0,34575767000.0,34172068000.0,33426873000.0,32506117000.0,32105713000.0,32008517000.0,31971547000.0,32097175000.0,32242928000.0,32259442000.0,22653127000.0,22517210000.0,22330808000.0,22334483000.0
capital_total,Capital contable total,StockholdersEquityIncludingPortionAttributableToNoncontrollingInterest,True,57948492000.0,57754008000.0,57212109000.0,57306814000.0,58075438000.0,58616770000.0,57664092000.0,57923321000.0,57797118000.0,57823720000.0,58260862000.0,58077824000.0,57465229000.0,57863093000.0,39606321000.0,38873938000.0,38462202000.0,37742210000.0,36757474000.0,36480804000.0,36385203000.0,36324580000.0,36489307000.0,36746209000.0,36775870000.0,26071784000.0,25935577000.0,25777433000.0,25824061000.0
pasivo_mas_capital,Pasivo más capital,LiabilitiesAndStockholdersEquity,True,98133451000.0,98724256000.0,98341141000.0,97717050000.0,95993391000.0,95328909000.0,95905196000.0,93537418000.0,93310310000.0,93020840000.0,91949409000.0,92392041000.0,88520884000.0,87897448000.0,60945529000.0,59763817000.0,59779871000.0,58486220000.0,57016670000.0,56441385000.0,55732809000.0,56065005000.0,55759598000.0,55221857000.0,55007247000.0,40031850000.0,39448185000.0,38706750000.0,38392112000.0
